id_usuario,motivo_exclusão,data_exclusao
8,Inatividade prolongada,2023-08-01 01:14:30
12,Inatividade prolongada,2020-07-02 14:30:20
50,Problemas com verificação de identidade,2022-05-27 19:05:05
61,Solicitação do usuário,2024-04-05 08:24:54
70,Problemas com verificação de identidade,2024-07-11 01:52:40
77,Conta duplicada,2020-05-24 10:57:09
87,Solicitação do usuário,2024-06-06 18:06:26
88,Inatividade prolongada,2022-07-29 02:08:41
95,Erro no cadastro,2023-06-18 10:35:55
96,Solicitação via e-mail,2022-10-29 05:48:15
116,Problemas com verificação de identidade,2022-02-06 01:41:29
123,Solicitação via e-mail,2023-09-14 03:20:42
124,Erro no cadastro,2022-10-26 16:42:34
127,Conta duplicada,2021-05-16 13:03:17
148,Solicitação do usuário,2020-11-28 20:12:19
185,Problemas com verificação de identidade,2023-10-15 18:52:22
189,Solicitação do usuário,2023-12-16 23:17:32
192,Inatividade prolongada,2023-03-31 07:31:39
197,Solicitação do usuário,2020-09-25 10:10:09
220,Inatividade prolongada,2024-07-31 02:54:31
222,Problemas com verificação de identidade,2022-04-14 06:47:17
226,Erro no cadastro,2024-07-09 03:29:10
230,Migração para outro sistema,2024-05-20 01:04:29
237,Erro no cadastro,2020-07-01 05:29:56
242,Problemas com verificação de identidade,2022-01-07 10:54:48
256,Solicitação do usuário,2021-05-28 13:04:14
258,Conta duplicada,2021-01-13 08:33:14
268,Conta duplicada,2023-04-05 17:17:16
284,Problemas com verificação de identidade,2024-09-01 11:02:45
296,Migração para outro sistema,2022-09-30 01:42:10
298,Conta duplicada,2021-06-04 09:17:17
302,Erro no cadastro,2020-07-21 18:34:03
313,Problemas com verificação de identidade,2023-10-10 21:06:19
314,Solicitação via e-mail,2023-06-26 14:34:53
324,Solicitação via e-mail,2025-03-05 10:01:09
325,Conta duplicada,2022-05-31 11:24:19
329,Conta duplicada,2020-11-03 09:45:21
334,Solicitação via e-mail,2022-08-05 14:57:40
340,Problemas com verificação de identidade,2021-10-12 21:46:36
381,Conta duplicada,2020-09-18 15:20:34
396,Solicitação do usuário,2021-03-18 17:15:39
404,Solicitação via e-mail,2021-04-08 05:23:27
411,Erro no cadastro,2022-07-09 22:46:55
412,Inatividade prolongada,2022-02-01 16:04:18
428,Solicitação do usuário,2024-06-06 11:20:12
432,Problemas com verificação de identidade,2024-10-11 23:26:56
436,Migração para outro sistema,2025-01-12 13:48:10
438,Solicitação do usuário,2024-05-20 00:18:14
443,Migração para outro sistema,2020-05-06 19:40:04
446,Conta duplicada,2021-09-24 08:59:43
502,Migração para outro sistema,2023-12-31 18:04:57
514,Conta duplicada,2024-05-02 20:26:00
519,Solicitação do usuário,2024-10-23 17:55:46
527,Erro no cadastro,2020-10-24 11:23:25
531,Conta duplicada,2024-05-12 05:49:43
542,Solicitação via e-mail,2020-05-05 00:51:51
554,Migração para outro sistema,2021-12-05 09:02:41
559,Migração para outro sistema,2024-02-05 15:57:03
562,Conta duplicada,2021-03-04 18:31:16
572,Solicitação do usuário,2025-02-12 11:46:07
573,Erro no cadastro,2020-10-13 18:12:45
577,Erro no cadastro,2021-08-07 07:12:23
590,Problemas com verificação de identidade,2024-04-01 03:03:43
594,Solicitação via e-mail,2021-09-15 17:33:56
596,Inatividade prolongada,2022-02-10 14:34:19
605,Problemas com verificação de identidade,2025-04-19 23:57:52
615,Inatividade prolongada,2024-08-20 05:06:21
631,Solicitação via e-mail,2023-09-16 05:14:31
632,Inatividade prolongada,2024-12-29 10:56:33
633,Erro no cadastro,2022-11-26 09:48:37
638,Migração para outro sistema,2024-10-12 09:08:25
643,Migração para outro sistema,2020-11-16 12:40:20
644,Solicitação do usuário,2022-05-06 00:00:01
645,Conta duplicada,2024-04-15 09:10:45
652,Inatividade prolongada,2023-09-21 00:08:15
657,Inatividade prolongada,2020-06-30 00:14:02
663,Solicitação via e-mail,2025-01-15 19:52:00
668,Problemas com verificação de identidade,2023-12-20 16:16:38
689,Inatividade prolongada,2023-01-06 06:56:51
715,Solicitação do usuário,2021-01-23 07:11:13
718,Migração para outro sistema,2021-08-22 02:44:12
724,Migração para outro sistema,2023-12-19 16:43:52
728,Solicitação via e-mail,2021-08-11 11:48:17
757,Solicitação do usuário,2022-02-04 02:44:13
770,Inatividade prolongada,2023-09-04 17:35:37
773,Migração para outro sistema,2022-03-10 23:39:08
774,Problemas com verificação de identidade,2025-04-15 00:29:40
777,Solicitação via e-mail,2024-05-15 18:08:29
781,Problemas com verificação de identidade,2022-01-04 16:37:29
787,Inatividade prolongada,2023-10-22 05:25:13
789,Migração para outro sistema,2020-06-08 22:29:50
791,Inatividade prolongada,2020-08-19 06:35:24
836,Solicitação via e-mail,2023-09-08 23:24:41
847,Solicitação do usuário,2022-10-17 19:02:44
849,Migração para outro sistema,2021-05-16 01:08:11
851,Conta duplicada,2021-02-10 22:47:04
864,Inatividade prolongada,2024-10-20 14:47:50
866,Solicitação via e-mail,2023-01-12 23:03:58
883,Erro no cadastro,2022-09-06 07:26:02
889,Conta duplicada,2023-05-15 06:16:59
906,Solicitação via e-mail,2025-01-09 18:42:47
911,Conta duplicada,2023-06-10 13:52:12
914,Solicitação do usuário,2021-07-04 04:02:57
915,Problemas com verificação de identidade,2023-11-30 06:09:54
918,Problemas com verificação de identidade,2024-10-27 11:26:22
928,Erro no cadastro,2024-08-22 08:55:42
936,Conta duplicada,2024-10-13 07:26:06
950,Solicitação via e-mail,2021-09-06 12:06:29
957,Migração para outro sistema,2024-10-23 12:45:21
960,Inatividade prolongada,2023-08-08 08:13:22
965,Inatividade prolongada,2023-12-07 22:49:30
967,Conta duplicada,2020-09-25 21:33:38
970,Migração para outro sistema,2025-01-10 19:43:57
975,Inatividade prolongada,2024-10-05 16:35:42
977,Problemas com verificação de identidade,2020-06-18 00:23:22
978,Inatividade prolongada,2020-06-12 06:49:57
980,Conta duplicada,2020-05-25 04:33:46
990,Solicitação do usuário,2024-05-12 00:56:23
997,Solicitação via e-mail,2024-12-31 10:30:59
1006,Inatividade prolongada,2024-04-06 16:14:40
1019,Conta duplicada,2021-11-26 18:08:30
1046,Inatividade prolongada,2021-08-22 17:07:00
1049,Erro no cadastro,2024-04-10 20:03:12
1051,Problemas com verificação de identidade,2022-08-14 23:09:04
1058,Problemas com verificação de identidade,2024-01-10 13:42:36
1076,Inatividade prolongada,2023-05-13 05:03:20
1090,Conta duplicada,2020-05-09 01:53:39
1095,Migração para outro sistema,2021-01-23 22:02:52
1107,Solicitação do usuário,2024-12-27 11:16:37
1126,Erro no cadastro,2024-09-06 08:11:24
1131,Inatividade prolongada,2024-05-18 14:38:40
1150,Conta duplicada,2021-01-01 18:35:28
1151,Conta duplicada,2021-12-26 12:08:24
1162,Migração para outro sistema,2022-06-07 13:01:52
1165,Erro no cadastro,2022-10-21 16:09:24
1177,Inatividade prolongada,2022-05-20 03:25:18
1202,Erro no cadastro,2022-11-24 10:03:28
1205,Solicitação via e-mail,2020-07-30 19:14:16
1210,Problemas com verificação de identidade,2021-06-25 23:01:31
1218,Solicitação via e-mail,2021-12-19 10:07:33
1220,Erro no cadastro,2023-11-16 07:43:57
1223,Migração para outro sistema,2024-08-18 10:02:31
1225,Conta duplicada,2025-03-20 00:54:37
1246,Migração para outro sistema,2024-08-11 01:34:54
1253,Solicitação via e-mail,2021-01-21 00:26:13
1272,Migração para outro sistema,2024-11-24 05:43:55
1288,Conta duplicada,2022-06-11 11:23:26
1303,Problemas com verificação de identidade,2022-01-29 22:20:53
1309,Erro no cadastro,2020-09-21 11:56:43
1313,Solicitação via e-mail,2024-12-15 08:22:18
1321,Solicitação via e-mail,2022-04-11 06:37:13
1327,Inatividade prolongada,2023-09-08 00:32:59
1329,Conta duplicada,2022-01-20 22:06:10
1335,Solicitação via e-mail,2024-10-25 10:40:35
1347,Migração para outro sistema,2023-06-14 20:36:09
1354,Erro no cadastro,2021-05-03 11:31:40
1367,Erro no cadastro,2024-08-26 17:46:42
1369,Solicitação do usuário,2024-09-16 04:56:14
1376,Problemas com verificação de identidade,2024-07-10 10:58:49
1377,Solicitação do usuário,2024-07-27 20:50:30
1406,Erro no cadastro,2020-08-26 18:33:58
1407,Inatividade prolongada,2024-05-23 05:13:45
1440,Migração para outro sistema,2023-12-10 21:42:18
1450,Migração para outro sistema,2022-01-10 22:37:31
1459,Problemas com verificação de identidade,2021-10-04 18:04:22
1463,Problemas com verificação de identidade,2025-02-10 05:13:07
1469,Problemas com verificação de identidade,2020-07-04 17:36:55
1474,Conta duplicada,2022-08-19 19:02:31
1480,Inatividade prolongada,2023-05-16 11:00:58
1490,Solicitação via e-mail,2023-01-23 13:07:33
1515,Problemas com verificação de identidade,2021-12-31 05:16:42
1539,Solicitação via e-mail,2020-11-17 13:54:01
1541,Problemas com verificação de identidade,2022-10-18 19:26:09
1543,Solicitação do usuário,2025-04-25 03:17:52
1546,Solicitação via e-mail,2024-08-21 13:43:34
1563,Solicitação do usuário,2023-11-24 23:40:36
1595,Problemas com verificação de identidade,2021-03-20 15:18:04
1608,Solicitação via e-mail,2022-12-14 17:32:57
1626,Problemas com verificação de identidade,2021-08-18 13:11:40
1643,Solicitação via e-mail,2022-01-13 22:48:42
1658,Erro no cadastro,2022-10-16 03:03:04
1660,Erro no cadastro,2023-08-18 22:24:44
1673,Migração para outro sistema,2020-10-08 16:59:54
1675,Solicitação do usuário,2024-02-03 17:18:30
1677,Erro no cadastro,2024-12-17 10:12:01
1679,Migração para outro sistema,2021-08-03 09:52:02
1680,Problemas com verificação de identidade,2023-10-13 08:00:23
1683,Solicitação do usuário,2023-06-30 19:00:13
1696,Migração para outro sistema,2023-09-13 04:33:50
1710,Solicitação do usuário,2023-12-06 04:06:19
1727,Solicitação do usuário,2021-03-23 11:31:43
1734,Migração para outro sistema,2020-07-15 04:34:12
1755,Conta duplicada,2022-09-20 08:28:29
1766,Migração para outro sistema,2023-02-25 18:14:10
1791,Solicitação via e-mail,2024-08-13 22:52:13
1796,Inatividade prolongada,2023-08-08 18:04:52
1803,Migração para outro sistema,2022-09-14 22:55:13
1807,Conta duplicada,2021-04-22 01:00:38
1817,Problemas com verificação de identidade,2021-09-10 03:07:57
1818,Solicitação via e-mail,2023-02-22 16:19:40
1832,Conta duplicada,2021-07-01 15:48:23
1841,Inatividade prolongada,2020-11-24 08:19:20
1856,Problemas com verificação de identidade,2024-08-13 21:47:29
1889,Problemas com verificação de identidade,2023-10-28 05:18:22
1905,Solicitação via e-mail,2021-10-10 17:30:21
1910,Solicitação via e-mail,2024-04-17 10:47:28
1912,Solicitação via e-mail,2023-04-26 07:17:46
1918,Conta duplicada,2020-09-12 20:05:16
1923,Erro no cadastro,2023-07-06 22:30:52
1943,Migração para outro sistema,2022-03-08 20:25:51
1950,Problemas com verificação de identidade,2023-10-03 21:55:46
1960,Solicitação do usuário,2025-03-31 10:53:00
1975,Conta duplicada,2023-10-19 14:52:42
1999,Problemas com verificação de identidade,2024-06-26 20:26:50
2002,Solicitação via e-mail,2023-10-02 21:27:05
2008,Inatividade prolongada,2024-06-30 16:35:04
2013,Erro no cadastro,2022-05-11 19:57:37
2022,Inatividade prolongada,2020-12-01 17:10:56
2024,Conta duplicada,2024-07-30 20:15:03
2028,Conta duplicada,2020-11-18 18:01:43
2040,Migração para outro sistema,2020-08-19 02:15:31
2041,Solicitação do usuário,2020-08-05 12:41:11
2043,Inatividade prolongada,2022-09-24 03:25:51
2047,Solicitação via e-mail,2023-12-29 06:13:52
2062,Solicitação do usuário,2022-11-07 15:53:13
2070,Solicitação via e-mail,2022-10-22 11:30:32
2106,Solicitação do usuário,2022-03-26 02:44:00
2110,Erro no cadastro,2020-05-21 10:30:41
2111,Inatividade prolongada,2023-05-08 09:45:17
2134,Conta duplicada,2024-12-01 16:57:03
2142,Conta duplicada,2023-12-01 06:43:04
2145,Erro no cadastro,2020-10-27 08:04:17
2149,Inatividade prolongada,2021-08-18 20:36:41
2155,Erro no cadastro,2023-10-13 17:42:05
2156,Problemas com verificação de identidade,2021-03-08 14:04:15
2157,Migração para outro sistema,2022-11-11 07:28:14
2161,Problemas com verificação de identidade,2024-09-27 11:28:21
2176,Erro no cadastro,2024-10-11 14:06:21
2182,Erro no cadastro,2024-09-30 16:10:02
2198,Conta duplicada,2023-07-13 01:42:45
2200,Solicitação via e-mail,2022-08-25 14:53:15
2201,Conta duplicada,2024-12-13 09:55:20
2209,Solicitação via e-mail,2024-06-04 10:09:42
2214,Migração para outro sistema,2024-06-04 19:53:51
2217,Erro no cadastro,2024-07-08 22:57:57
2221,Problemas com verificação de identidade,2020-12-01 12:25:18
2239,Conta duplicada,2021-09-08 14:07:43
2250,Conta duplicada,2023-10-17 07:50:29
2265,Solicitação via e-mail,2023-04-01 16:48:27
2284,Erro no cadastro,2022-09-15 12:12:15
2291,Problemas com verificação de identidade,2025-02-15 19:58:53
2294,Problemas com verificação de identidade,2021-04-05 14:37:16
2299,Problemas com verificação de identidade,2022-05-28 13:49:02
2305,Solicitação via e-mail,2022-09-04 11:56:21
2311,Migração para outro sistema,2025-04-16 02:18:17
2322,Migração para outro sistema,2024-12-24 04:18:32
2325,Conta duplicada,2021-12-24 00:37:02
2329,Solicitação via e-mail,2024-11-22 00:15:34
2332,Solicitação do usuário,2021-09-12 10:56:13
2341,Inatividade prolongada,2022-03-29 13:30:03
2356,Solicitação do usuário,2021-10-12 05:52:45
2362,Solicitação do usuário,2023-08-22 05:55:39
2373,Erro no cadastro,2024-04-09 20:59:28
2382,Inatividade prolongada,2022-02-24 16:04:01
2388,Solicitação do usuário,2024-04-06 02:16:05
2405,Migração para outro sistema,2024-04-02 21:12:28
2408,Solicitação do usuário,2023-10-09 19:34:55
2414,Solicitação via e-mail,2021-04-11 03:10:25
2415,Solicitação via e-mail,2022-04-07 02:33:58
2428,Solicitação do usuário,2020-12-13 17:27:31
2436,Solicitação via e-mail,2022-11-12 21:40:34
2441,Migração para outro sistema,2024-06-16 00:57:15
2443,Problemas com verificação de identidade,2021-06-09 21:32:31
2483,Migração para outro sistema,2025-03-11 02:52:27
2487,Inatividade prolongada,2020-06-15 05:49:52
2511,Conta duplicada,2022-04-16 12:05:00
2512,Solicitação do usuário,2025-02-26 01:19:57
2539,Problemas com verificação de identidade,2022-10-12 23:28:17
2554,Solicitação via e-mail,2025-01-09 16:49:09
2559,Erro no cadastro,2023-03-08 08:37:04
2561,Conta duplicada,2020-07-31 20:39:19
2563,Problemas com verificação de identidade,2021-10-19 07:02:01
2574,Solicitação do usuário,2021-10-10 06:38:51
2578,Conta duplicada,2024-06-21 16:28:02
2582,Conta duplicada,2024-02-16 18:25:31
2587,Conta duplicada,2020-07-18 19:23:52
2594,Solicitação do usuário,2021-05-28 03:55:18
2609,Conta duplicada,2023-12-09 11:02:13
2610,Inatividade prolongada,2021-05-03 00:11:36
2611,Conta duplicada,2022-05-05 19:41:16
2613,Erro no cadastro,2025-03-11 14:47:39
2617,Inatividade prolongada,2020-07-04 08:49:44
2627,Conta duplicada,2024-11-17 07:28:36
2633,Solicitação do usuário,2020-09-21 12:46:00
2636,Erro no cadastro,2023-05-24 19:08:52
2643,Solicitação do usuário,2025-01-22 19:24:11
2659,Conta duplicada,2024-07-15 04:09:14
2661,Solicitação do usuário,2023-09-28 15:17:28
2675,Solicitação via e-mail,2022-12-27 05:11:20
2685,Solicitação do usuário,2022-10-06 21:20:14
2711,Conta duplicada,2023-06-12 14:00:38
2715,Problemas com verificação de identidade,2020-06-11 11:17:06
2716,Solicitação do usuário,2022-03-03 00:06:34
2720,Problemas com verificação de identidade,2020-07-28 01:35:02
2757,Erro no cadastro,2024-12-18 21:39:11
2760,Problemas com verificação de identidade,2022-01-23 20:45:42
2762,Erro no cadastro,2025-02-26 14:37:31
2763,Erro no cadastro,2025-03-04 17:00:36
2766,Solicitação via e-mail,2021-06-08 23:48:27
2770,Problemas com verificação de identidade,2023-03-08 01:38:34
2771,Migração para outro sistema,2024-07-16 23:11:32
2785,Conta duplicada,2022-01-15 04:48:46
2787,Solicitação do usuário,2023-03-07 23:50:52
2804,Solicitação via e-mail,2022-12-09 12:50:07
2822,Solicitação do usuário,2022-09-08 05:18:42
2834,Conta duplicada,2022-09-12 02:53:40
2835,Conta duplicada,2024-12-30 19:03:08
2838,Migração para outro sistema,2023-10-08 19:58:11
2839,Inatividade prolongada,2024-04-11 17:00:14
2841,Migração para outro sistema,2021-05-25 10:25:21
2843,Migração para outro sistema,2020-10-27 11:21:09
2849,Erro no cadastro,2025-01-15 11:21:21
2853,Problemas com verificação de identidade,2021-04-02 07:35:37
2854,Migração para outro sistema,2021-04-22 20:44:59
2858,Solicitação do usuário,2024-04-14 12:56:09
2864,Problemas com verificação de identidade,2023-10-20 02:24:46
2885,Problemas com verificação de identidade,2020-05-28 15:40:29
2887,Inatividade prolongada,2024-03-23 14:23:32
2891,Solicitação via e-mail,2023-10-26 09:34:14
2901,Solicitação via e-mail,2020-05-11 03:35:56
2904,Solicitação via e-mail,2021-04-06 18:00:39
2906,Conta duplicada,2024-06-12 08:44:52
2921,Conta duplicada,2024-03-11 01:32:16
2926,Erro no cadastro,2025-03-29 03:38:22
2928,Solicitação via e-mail,2022-02-27 03:51:26
2961,Solicitação via e-mail,2020-12-29 02:06:08
2966,Inatividade prolongada,2021-09-25 15:19:54
2990,Problemas com verificação de identidade,2024-05-29 17:12:39
3001,Solicitação do usuário,2024-03-24 13:29:33
3005,Inatividade prolongada,2020-08-15 20:28:00
3014,Migração para outro sistema,2020-11-15 08:45:46
3020,Solicitação via e-mail,2023-11-11 20:30:42
3025,Conta duplicada,2022-01-07 09:03:47
3035,Solicitação via e-mail,2024-05-18 23:31:41
3039,Inatividade prolongada,2020-11-25 19:43:46
3042,Erro no cadastro,2021-01-10 13:19:29
3048,Problemas com verificação de identidade,2021-04-14 11:11:50
3068,Erro no cadastro,2020-12-14 22:36:07
3073,Inatividade prolongada,2020-05-06 13:51:22
3110,Problemas com verificação de identidade,2024-11-30 04:21:27
3112,Problemas com verificação de identidade,2021-11-25 03:21:55
3118,Erro no cadastro,2023-10-05 08:12:51
3128,Conta duplicada,2022-08-12 05:44:46
3134,Conta duplicada,2024-07-11 18:27:12
3135,Conta duplicada,2023-11-23 09:54:33
3137,Solicitação do usuário,2023-03-23 05:14:56
3140,Problemas com verificação de identidade,2022-06-13 14:23:31
3148,Problemas com verificação de identidade,2022-04-23 06:33:45
3158,Problemas com verificação de identidade,2025-04-22 17:39:27
3160,Migração para outro sistema,2020-08-25 06:20:39
3169,Solicitação via e-mail,2021-09-21 06:23:48
3176,Erro no cadastro,2024-06-21 21:26:29
3178,Migração para outro sistema,2021-03-24 01:06:05
3182,Conta duplicada,2024-09-07 15:34:32
3184,Migração para outro sistema,2020-09-02 16:29:21
3186,Solicitação do usuário,2024-03-18 06:22:38
3192,Solicitação do usuário,2020-11-08 23:31:03
3193,Erro no cadastro,2021-12-02 20:06:41
3201,Problemas com verificação de identidade,2024-08-13 20:43:03
3214,Solicitação via e-mail,2023-04-19 15:23:10
3216,Solicitação via e-mail,2023-10-11 17:16:57
3217,Erro no cadastro,2025-04-24 07:05:42
3226,Conta duplicada,2020-05-26 16:37:14
3228,Solicitação do usuário,2021-11-09 15:43:13
3231,Inatividade prolongada,2022-11-16 10:37:36
3241,Solicitação do usuário,2022-05-06 04:14:38
3252,Problemas com verificação de identidade,2020-06-04 13:06:22
3274,Solicitação via e-mail,2022-07-14 02:11:03
3281,Inatividade prolongada,2025-04-12 22:43:01
3284,Solicitação do usuário,2022-03-13 16:07:14
3295,Migração para outro sistema,2024-05-22 21:14:30
3298,Solicitação via e-mail,2021-05-16 05:11:49
3300,Problemas com verificação de identidade,2021-12-13 03:08:37
3302,Inatividade prolongada,2020-11-20 02:18:50
3316,Solicitação via e-mail,2022-05-15 18:57:02
3326,Solicitação do usuário,2020-05-07 12:31:43
3332,Migração para outro sistema,2022-12-15 19:47:52
3349,Erro no cadastro,2023-11-14 11:59:14
3360,Erro no cadastro,2025-04-23 07:48:36
3363,Inatividade prolongada,2024-04-15 21:03:14
3367,Solicitação via e-mail,2022-01-08 18:56:12
3388,Solicitação via e-mail,2024-06-15 22:55:58
3390,Solicitação via e-mail,2020-08-04 01:10:36
3393,Solicitação via e-mail,2023-05-14 12:33:23
3404,Solicitação do usuário,2022-07-22 01:56:46
3413,Conta duplicada,2023-09-22 03:19:53
3420,Solicitação do usuário,2021-10-25 06:31:12
3431,Conta duplicada,2024-03-28 00:57:23
3433,Solicitação via e-mail,2022-06-14 05:11:03
3438,Inatividade prolongada,2022-08-17 22:00:14
3441,Inatividade prolongada,2025-04-19 07:07:44
3446,Problemas com verificação de identidade,2024-10-24 01:54:16
3490,Problemas com verificação de identidade,2023-04-08 11:56:22
3495,Problemas com verificação de identidade,2023-08-14 03:31:56
3499,Conta duplicada,2021-08-24 19:35:56
3504,Inatividade prolongada,2021-05-09 02:58:44
3510,Problemas com verificação de identidade,2020-06-05 21:36:07
3563,Solicitação do usuário,2020-05-12 15:04:39
3567,Problemas com verificação de identidade,2020-05-31 16:47:07
3577,Erro no cadastro,2022-12-09 17:26:12
3586,Problemas com verificação de identidade,2022-05-24 09:11:50
3589,Migração para outro sistema,2022-12-10 21:16:56
3602,Solicitação do usuário,2024-03-13 15:42:15
3626,Solicitação via e-mail,2023-08-23 06:05:22
3629,Inatividade prolongada,2022-11-26 17:01:54
3641,Inatividade prolongada,2022-11-19 23:17:23
3643,Solicitação do usuário,2022-08-29 07:28:29
3644,Migração para outro sistema,2024-01-24 13:10:55
3648,Problemas com verificação de identidade,2023-04-17 17:41:06
3657,Conta duplicada,2023-02-07 01:45:16
3675,Migração para outro sistema,2025-02-08 10:43:39
3688,Solicitação do usuário,2024-04-19 10:58:57
3708,Erro no cadastro,2024-03-12 18:52:06
3715,Migração para outro sistema,2021-04-08 13:11:10
3726,Solicitação do usuário,2022-02-13 06:42:55
3736,Inatividade prolongada,2020-10-27 04:02:09
3739,Conta duplicada,2020-06-24 04:15:35
3740,Problemas com verificação de identidade,2022-12-07 16:15:04
3743,Solicitação do usuário,2020-08-01 10:39:53
3744,Problemas com verificação de identidade,2021-04-26 15:14:50
3746,Solicitação via e-mail,2024-10-22 08:14:10
3747,Solicitação do usuário,2021-10-16 08:04:30
3749,Conta duplicada,2020-11-02 22:17:56
3753,Problemas com verificação de identidade,2024-09-06 20:15:05
3754,Solicitação do usuário,2024-03-26 04:21:58
3766,Solicitação do usuário,2020-12-10 23:02:48
3767,Migração para outro sistema,2023-02-24 16:55:34
3776,Inatividade prolongada,2023-10-24 17:16:11
3778,Inatividade prolongada,2022-05-18 16:22:22
3780,Inatividade prolongada,2024-12-31 17:04:35
3792,Erro no cadastro,2023-07-16 18:10:13
3793,Problemas com verificação de identidade,2023-09-14 22:59:30
3801,Problemas com verificação de identidade,2021-01-20 12:53:37
3820,Solicitação via e-mail,2023-09-11 06:37:06
3825,Solicitação do usuário,2020-06-07 12:48:49
3852,Erro no cadastro,2021-07-19 20:43:00
3853,Solicitação do usuário,2024-05-23 09:24:08
3858,Migração para outro sistema,2024-05-26 10:36:04
3886,Conta duplicada,2020-09-29 15:57:46
3897,Problemas com verificação de identidade,2022-07-15 13:59:40
3899,Problemas com verificação de identidade,2020-08-03 06:55:48
3903,Migração para outro sistema,2020-12-24 20:13:55
3923,Erro no cadastro,2024-01-04 18:06:18
3925,Solicitação via e-mail,2024-03-20 10:59:31
3926,Problemas com verificação de identidade,2021-01-15 14:58:34
3927,Erro no cadastro,2022-02-14 01:09:42
3932,Erro no cadastro,2021-08-24 06:57:20
3933,Inatividade prolongada,2022-04-26 23:21:16
3934,Migração para outro sistema,2020-08-05 04:46:41
3935,Migração para outro sistema,2020-11-07 03:57:43
3940,Erro no cadastro,2022-10-01 20:13:54
3959,Conta duplicada,2022-11-02 17:53:43
3970,Conta duplicada,2020-10-30 19:38:08
3992,Problemas com verificação de identidade,2022-12-21 15:27:48
3994,Problemas com verificação de identidade,2025-01-07 01:46:54
3998,Solicitação do usuário,2020-08-29 04:24:18
4000,Conta duplicada,2022-03-05 23:32:04
4004,Problemas com verificação de identidade,2024-12-12 09:33:34
4007,Migração para outro sistema,2022-08-09 00:21:17
4020,Inatividade prolongada,2023-12-08 12:06:00
4041,Solicitação via e-mail,2021-10-03 08:35:31
4049,Migração para outro sistema,2024-07-28 21:22:39
4065,Conta duplicada,2024-08-20 15:52:17
4074,Solicitação via e-mail,2022-03-26 13:53:22
4076,Inatividade prolongada,2024-01-29 16:53:13
4078,Migração para outro sistema,2023-03-29 11:52:23
4087,Migração para outro sistema,2021-07-05 14:30:28
4094,Solicitação do usuário,2021-10-14 20:44:22
4095,Solicitação do usuário,2021-03-11 23:30:38
4110,Problemas com verificação de identidade,2024-07-31 23:08:34
4118,Erro no cadastro,2025-02-01 15:57:38
4121,Erro no cadastro,2022-08-17 20:04:58
4131,Solicitação do usuário,2022-12-14 17:54:29
4143,Solicitação via e-mail,2020-06-06 10:52:52
4154,Solicitação do usuário,2022-12-06 13:57:19
4155,Conta duplicada,2025-03-13 21:40:40
4163,Solicitação do usuário,2021-09-12 10:01:37
4172,Migração para outro sistema,2022-08-12 19:17:42
4178,Inatividade prolongada,2024-06-14 13:39:23
4180,Erro no cadastro,2023-01-13 07:20:33
4183,Solicitação do usuário,2020-10-16 01:53:28
4188,Solicitação do usuário,2022-08-18 16:26:03
4200,Conta duplicada,2021-06-23 00:58:23
4219,Solicitação via e-mail,2023-11-04 21:03:01
4220,Problemas com verificação de identidade,2021-11-12 11:46:39
4224,Solicitação do usuário,2024-12-27 23:56:49
4232,Problemas com verificação de identidade,2024-11-10 01:22:43
4235,Solicitação do usuário,2022-01-02 02:16:17
4238,Migração para outro sistema,2024-06-11 18:53:05
4240,Conta duplicada,2024-07-05 00:14:14
4254,Problemas com verificação de identidade,2022-08-15 23:07:50
4262,Conta duplicada,2022-07-19 03:43:39
4273,Erro no cadastro,2023-07-16 04:36:31
4296,Solicitação do usuário,2021-07-12 03:46:53
4297,Problemas com verificação de identidade,2025-04-16 17:51:29
4298,Solicitação do usuário,2022-12-27 21:52:49
4307,Problemas com verificação de identidade,2024-03-04 10:01:22
4322,Solicitação via e-mail,2022-07-03 14:43:10
4325,Erro no cadastro,2025-02-13 05:35:22
4326,Solicitação do usuário,2023-05-17 02:45:25
4334,Migração para outro sistema,2024-03-11 23:34:34
4357,Conta duplicada,2023-04-24 21:22:28
4359,Problemas com verificação de identidade,2024-02-03 03:26:54
4360,Solicitação via e-mail,2023-06-28 18:48:03
4396,Migração para outro sistema,2024-10-14 10:43:17
4402,Problemas com verificação de identidade,2022-02-04 00:22:16
4405,Solicitação do usuário,2025-04-04 08:10:55
4441,Conta duplicada,2024-11-21 05:38:56
4450,Conta duplicada,2020-06-02 10:03:11
4456,Erro no cadastro,2025-02-14 03:12:48
4467,Erro no cadastro,2024-04-06 00:27:45
4473,Solicitação do usuário,2022-06-01 10:10:42
4482,Solicitação via e-mail,2024-05-07 21:01:36
4484,Inatividade prolongada,2020-10-26 22:02:03
4489,Inatividade prolongada,2021-05-23 11:06:02
4495,Problemas com verificação de identidade,2022-04-24 15:19:09
4521,Solicitação do usuário,2024-03-27 18:52:48
4522,Solicitação do usuário,2023-04-17 19:10:26
4530,Conta duplicada,2021-03-08 21:04:48
4540,Problemas com verificação de identidade,2025-01-18 22:40:50
4543,Inatividade prolongada,2020-11-25 07:08:44
4554,Solicitação do usuário,2024-10-18 09:35:11
4559,Solicitação via e-mail,2020-05-06 23:41:04
4571,Erro no cadastro,2021-10-15 04:59:45
4575,Inatividade prolongada,2022-05-21 15:36:26
4578,Erro no cadastro,2025-02-25 21:48:06
4584,Erro no cadastro,2024-09-28 08:37:44
4589,Inatividade prolongada,2025-03-11 17:22:38
4590,Solicitação do usuário,2023-01-17 00:26:33
4604,Solicitação via e-mail,2020-06-08 01:33:48
4611,Conta duplicada,2022-01-28 18:15:30
4626,Problemas com verificação de identidade,2020-10-23 14:11:19
4628,Migração para outro sistema,2022-04-29 21:47:37
4634,Solicitação do usuário,2023-07-23 11:41:50
4640,Erro no cadastro,2022-11-26 21:00:13
4648,Inatividade prolongada,2024-04-15 19:59:38
4668,Migração para outro sistema,2022-04-11 09:43:46
4690,Migração para outro sistema,2022-12-23 12:58:13
4696,Erro no cadastro,2023-04-21 13:41:03
4698,Migração para outro sistema,2021-03-19 05:59:20
4699,Erro no cadastro,2023-01-14 14:02:10
4708,Problemas com verificação de identidade,2023-06-14 22:41:57
4729,Inatividade prolongada,2024-07-27 20:14:41
4736,Solicitação do usuário,2023-07-04 10:29:34
4741,Inatividade prolongada,2020-12-16 05:58:48
4755,Migração para outro sistema,2024-07-10 20:17:20
4763,Erro no cadastro,2021-06-21 21:50:47
4781,Inatividade prolongada,2021-01-13 11:14:50
4782,Solicitação do usuário,2023-05-18 10:26:51
4798,Solicitação do usuário,2022-08-20 23:22:35
4802,Problemas com verificação de identidade,2021-05-03 18:18:24
4806,Solicitação via e-mail,2023-12-09 06:20:33
4817,Problemas com verificação de identidade,2023-08-14 13:48:57
4824,Migração para outro sistema,2024-10-29 02:26:24
4832,Inatividade prolongada,2020-09-28 08:48:16
4844,Erro no cadastro,2024-06-08 12:01:57
4874,Migração para outro sistema,2022-10-25 11:05:07
4875,Migração para outro sistema,2022-11-11 09:15:04
4889,Solicitação via e-mail,2025-04-07 10:04:23
4896,Erro no cadastro,2024-05-11 20:25:05
4902,Conta duplicada,2023-08-18 06:39:34
4906,Inatividade prolongada,2020-07-13 09:30:58
4932,Solicitação via e-mail,2021-06-14 17:55:23
4967,Solicitação do usuário,2023-04-20 15:33:52
4969,Inatividade prolongada,2024-06-24 14:17:42
4993,Conta duplicada,2022-07-04 19:38:35
5005,Solicitação via e-mail,2022-03-12 11:25:23
5021,Problemas com verificação de identidade,2023-07-09 13:07:16
5024,Solicitação via e-mail,2022-04-07 21:50:45
5028,Migração para outro sistema,2023-12-14 08:46:19
5031,Problemas com verificação de identidade,2022-11-19 07:46:48
5034,Inatividade prolongada,2025-04-29 06:00:40
5035,Problemas com verificação de identidade,2022-08-20 05:48:26
5046,Solicitação via e-mail,2023-05-16 17:48:10
5052,Inatividade prolongada,2024-11-08 08:39:20
5055,Inatividade prolongada,2023-05-24 00:53:16
5061,Migração para outro sistema,2021-03-06 13:59:57
5078,Migração para outro sistema,2021-07-02 08:52:20
5082,Problemas com verificação de identidade,2024-05-05 15:06:46
5086,Solicitação do usuário,2023-09-20 00:37:42
5091,Solicitação via e-mail,2024-08-21 07:22:43
5092,Solicitação via e-mail,2024-03-18 16:29:55
5109,Migração para outro sistema,2024-08-04 11:48:57
5115,Migração para outro sistema,2024-12-24 22:51:03
5116,Migração para outro sistema,2020-07-22 19:11:58
5118,Solicitação via e-mail,2024-01-04 11:19:29
5125,Problemas com verificação de identidade,2021-10-25 09:10:41
5126,Erro no cadastro,2023-02-06 02:02:19
5131,Erro no cadastro,2023-12-06 14:08:18
5143,Inatividade prolongada,2023-06-13 18:32:24
5145,Migração para outro sistema,2021-09-04 13:04:26
5149,Conta duplicada,2022-04-17 14:54:54
5155,Inatividade prolongada,2021-03-04 00:02:48
5158,Migração para outro sistema,2024-12-12 10:42:10
5170,Inatividade prolongada,2022-11-29 17:09:31
5174,Conta duplicada,2020-12-12 10:31:57
5182,Problemas com verificação de identidade,2021-07-08 07:43:35
5186,Inatividade prolongada,2023-12-27 20:28:52
5191,Erro no cadastro,2022-05-04 07:37:09
5195,Erro no cadastro,2023-07-31 23:08:51
5199,Solicitação do usuário,2020-11-21 10:12:28
5204,Inatividade prolongada,2024-07-03 19:55:15
5207,Erro no cadastro,2022-04-14 17:53:12
5239,Inatividade prolongada,2025-01-14 00:38:49
5243,Problemas com verificação de identidade,2023-11-07 19:05:52
5252,Inatividade prolongada,2021-11-01 12:40:27
5255,Migração para outro sistema,2023-02-06 13:23:36
5269,Conta duplicada,2022-01-30 06:54:21
5270,Solicitação do usuário,2021-05-24 01:54:44
5271,Solicitação do usuário,2023-02-15 11:27:41
5275,Solicitação via e-mail,2021-08-19 19:58:26
5278,Solicitação do usuário,2023-12-22 23:23:41
5289,Problemas com verificação de identidade,2025-01-23 22:39:13
5297,Migração para outro sistema,2020-11-16 16:20:06
5312,Solicitação via e-mail,2022-11-26 03:32:05
5314,Inatividade prolongada,2021-01-12 00:33:21
5328,Conta duplicada,2022-10-22 15:13:21
5361,Solicitação via e-mail,2024-11-06 12:58:33
5375,Inatividade prolongada,2021-10-01 10:12:21
5377,Migração para outro sistema,2023-05-24 21:00:26
5378,Inatividade prolongada,2020-07-28 20:31:02
5382,Problemas com verificação de identidade,2022-12-08 02:41:10
5383,Conta duplicada,2021-07-11 17:31:04
5386,Solicitação do usuário,2023-01-14 20:58:40
5389,Solicitação do usuário,2020-10-20 17:10:06
5392,Erro no cadastro,2020-10-25 22:06:55
5398,Migração para outro sistema,2022-09-21 11:11:05
5402,Solicitação via e-mail,2023-08-09 05:47:15
5410,Migração para outro sistema,2022-03-01 10:58:43
5412,Solicitação do usuário,2022-10-22 03:26:50
5421,Problemas com verificação de identidade,2023-01-14 00:58:08
5424,Inatividade prolongada,2024-07-31 23:22:57
5428,Inatividade prolongada,2020-05-17 07:53:07
5437,Solicitação via e-mail,2022-04-04 15:03:37
5445,Solicitação via e-mail,2022-11-08 10:56:10
5450,Inatividade prolongada,2024-01-28 04:25:44
5480,Erro no cadastro,2022-07-02 11:19:39
5527,Conta duplicada,2022-05-14 03:59:41
5528,Solicitação do usuário,2023-04-19 17:58:17
5533,Conta duplicada,2022-09-17 09:27:48
5538,Solicitação via e-mail,2021-10-27 19:08:54
5540,Problemas com verificação de identidade,2024-06-02 16:17:26
5547,Migração para outro sistema,2025-01-06 19:10:04
5560,Erro no cadastro,2022-06-04 05:06:34
5567,Migração para outro sistema,2022-09-11 21:24:00
5570,Solicitação do usuário,2022-02-16 18:46:24
5581,Inatividade prolongada,2020-05-16 23:15:19
5588,Inatividade prolongada,2020-05-30 08:09:08
5590,Inatividade prolongada,2020-07-18 16:51:20
5592,Conta duplicada,2020-12-06 06:17:13
5609,Solicitação via e-mail,2025-04-06 08:15:39
5613,Migração para outro sistema,2021-10-09 07:01:07
5638,Conta duplicada,2021-05-29 19:37:36
5640,Solicitação do usuário,2023-04-30 23:41:12
5641,Inatividade prolongada,2021-05-18 09:10:14
5644,Solicitação via e-mail,2021-11-06 11:16:26
5672,Solicitação do usuário,2021-03-31 01:49:21
5679,Erro no cadastro,2023-11-03 11:52:10
5682,Erro no cadastro,2022-05-01 23:07:54
5684,Conta duplicada,2023-05-18 12:18:28
5685,Erro no cadastro,2025-03-01 22:35:01
5686,Solicitação via e-mail,2021-07-17 07:43:10
5689,Solicitação via e-mail,2022-07-25 17:44:32
5693,Conta duplicada,2020-09-04 04:52:26
5705,Inatividade prolongada,2021-07-11 20:53:27
5708,Solicitação do usuário,2025-04-04 00:08:01
5729,Solicitação via e-mail,2024-11-18 00:36:35
5736,Problemas com verificação de identidade,2022-10-21 15:32:35
5741,Problemas com verificação de identidade,2021-06-08 17:42:31
5747,Inatividade prolongada,2024-01-03 20:01:21
5750,Migração para outro sistema,2021-03-02 12:48:54
5785,Erro no cadastro,2021-07-17 04:57:24
5791,Inatividade prolongada,2024-12-06 12:58:36
5794,Conta duplicada,2023-01-13 11:11:29
5805,Conta duplicada,2025-03-23 07:44:17
5810,Conta duplicada,2021-10-12 09:11:32
5836,Migração para outro sistema,2022-08-04 06:00:00
5838,Solicitação do usuário,2021-01-24 16:55:10
5846,Inatividade prolongada,2022-10-27 03:49:42
5852,Solicitação do usuário,2024-07-03 18:38:16
5863,Inatividade prolongada,2024-06-22 10:25:15
5867,Solicitação do usuário,2020-09-10 21:06:27
5872,Inatividade prolongada,2021-06-09 12:25:56
5882,Conta duplicada,2021-01-29 16:20:57
5884,Inatividade prolongada,2024-06-20 05:08:00
5909,Conta duplicada,2020-06-22 10:04:46
5920,Solicitação do usuário,2022-12-30 19:27:29
5922,Solicitação do usuário,2024-12-05 20:59:50
5927,Inatividade prolongada,2021-07-09 23:44:14
5928,Solicitação do usuário,2021-03-24 12:25:18
5937,Migração para outro sistema,2021-10-24 07:31:49
5946,Problemas com verificação de identidade,2022-04-21 18:33:37
5952,Problemas com verificação de identidade,2021-02-12 13:35:49
5953,Inatividade prolongada,2023-11-17 00:51:27
5954,Migração para outro sistema,2024-01-01 13:31:46
5965,Solicitação do usuário,2022-10-12 02:39:56
5978,Solicitação do usuário,2023-03-27 03:52:35
5984,Solicitação do usuário,2025-04-07 00:06:59
5998,Migração para outro sistema,2023-07-30 07:44:35
6001,Inatividade prolongada,2022-04-23 16:24:40
6015,Solicitação via e-mail,2021-09-24 10:44:27
6031,Problemas com verificação de identidade,2022-05-29 16:40:01
6042,Solicitação via e-mail,2021-03-30 16:27:19
6047,Problemas com verificação de identidade,2020-07-03 01:43:51
6049,Inatividade prolongada,2021-10-02 11:55:28
6051,Erro no cadastro,2023-12-26 20:07:48
6056,Problemas com verificação de identidade,2022-07-05 18:04:27
6058,Solicitação via e-mail,2022-03-17 10:34:04
6064,Inatividade prolongada,2022-05-27 20:47:44
6089,Inatividade prolongada,2022-02-09 17:48:31
6092,Solicitação do usuário,2022-04-24 03:39:32
6093,Erro no cadastro,2020-08-11 10:48:13
6103,Conta duplicada,2022-10-26 14:17:33
6104,Problemas com verificação de identidade,2024-03-19 17:44:15
6122,Solicitação do usuário,2021-09-23 02:00:58
6125,Solicitação via e-mail,2021-02-04 23:41:07
6127,Erro no cadastro,2021-03-25 16:32:49
6134,Erro no cadastro,2022-12-24 02:13:01
6137,Solicitação via e-mail,2021-05-23 03:17:21
6142,Solicitação do usuário,2022-01-07 02:25:37
6143,Problemas com verificação de identidade,2024-06-28 12:34:13
6147,Erro no cadastro,2022-05-23 07:09:37
6155,Conta duplicada,2024-12-22 19:00:47
6156,Migração para outro sistema,2020-09-02 01:18:41
6158,Migração para outro sistema,2025-03-28 01:49:45
6208,Conta duplicada,2021-11-07 02:32:00
6234,Solicitação via e-mail,2021-05-03 18:16:41
6242,Problemas com verificação de identidade,2020-07-13 11:35:03
6245,Erro no cadastro,2020-09-11 09:09:49
6257,Solicitação do usuário,2020-10-25 03:43:18
6261,Conta duplicada,2025-01-23 06:19:31
6280,Solicitação via e-mail,2020-11-05 11:12:59
6288,Migração para outro sistema,2024-11-16 06:41:47
6291,Inatividade prolongada,2021-06-08 03:39:30
6301,Migração para outro sistema,2022-01-09 15:39:32
6302,Solicitação do usuário,2020-08-12 23:55:01
6318,Solicitação via e-mail,2024-04-16 18:24:39
6326,Solicitação do usuário,2021-03-15 08:48:07
6331,Migração para outro sistema,2020-12-31 10:18:01
6349,Problemas com verificação de identidade,2021-08-22 05:59:21
6351,Migração para outro sistema,2021-02-02 00:18:36
6367,Inatividade prolongada,2024-02-24 08:55:59
6372,Solicitação via e-mail,2020-08-01 07:37:11
6373,Problemas com verificação de identidade,2021-05-24 06:36:31
6389,Problemas com verificação de identidade,2023-12-04 01:03:21
6400,Conta duplicada,2021-07-26 15:24:23
6406,Migração para outro sistema,2024-11-18 20:25:54
6409,Inatividade prolongada,2021-08-15 11:42:29
6412,Solicitação do usuário,2020-05-17 02:34:09
6414,Erro no cadastro,2025-04-19 04:11:21
6421,Migração para outro sistema,2021-08-26 14:40:47
6424,Solicitação via e-mail,2021-07-28 07:17:01
6432,Conta duplicada,2022-03-09 10:21:42
6449,Solicitação via e-mail,2022-04-26 21:07:50
6454,Solicitação via e-mail,2023-07-09 03:43:33
6455,Problemas com verificação de identidade,2023-02-12 14:10:19
6456,Inatividade prolongada,2021-03-31 10:12:43
6459,Conta duplicada,2021-02-16 01:48:07
6462,Inatividade prolongada,2023-12-04 21:31:14
6468,Migração para outro sistema,2020-10-01 02:29:59
6471,Conta duplicada,2021-02-09 22:14:44
6484,Problemas com verificação de identidade,2025-02-19 11:16:56
6485,Solicitação via e-mail,2021-06-25 21:52:21
6486,Erro no cadastro,2022-08-14 20:46:32
6489,Conta duplicada,2023-09-25 07:07:56
6493,Solicitação do usuário,2023-06-16 20:19:11
6496,Migração para outro sistema,2023-11-04 22:45:28
6502,Solicitação via e-mail,2023-11-05 13:24:24
6504,Solicitação do usuário,2023-07-22 23:48:40
6512,Solicitação do usuário,2024-03-08 22:00:09
6523,Solicitação via e-mail,2025-02-09 02:05:09
6524,Solicitação do usuário,2024-03-13 06:49:33
6543,Conta duplicada,2023-12-30 21:08:51
6552,Solicitação do usuário,2023-02-03 00:27:25
6576,Solicitação via e-mail,2021-10-16 03:40:25
6586,Solicitação via e-mail,2021-07-08 16:28:14
6589,Inatividade prolongada,2021-02-16 16:57:21
6590,Inatividade prolongada,2022-08-03 10:20:20
6596,Erro no cadastro,2023-02-26 18:30:20
6599,Conta duplicada,2021-07-08 10:32:59
6607,Inatividade prolongada,2021-11-28 10:47:00
6616,Solicitação do usuário,2022-04-04 23:01:33
6629,Inatividade prolongada,2022-10-19 08:30:05
6635,Inatividade prolongada,2022-12-06 06:55:19
6640,Conta duplicada,2022-05-22 02:45:35
6644,Inatividade prolongada,2022-11-29 19:29:27
6653,Conta duplicada,2021-12-23 19:55:13
6659,Inatividade prolongada,2023-09-26 12:37:45
6679,Inatividade prolongada,2021-11-13 15:31:49
6687,Migração para outro sistema,2024-11-14 18:10:15
6690,Solicitação do usuário,2022-01-16 01:20:17
6692,Problemas com verificação de identidade,2023-02-28 05:31:27
6694,Migração para outro sistema,2022-07-01 12:05:57
6702,Solicitação via e-mail,2020-11-18 05:21:57
6714,Solicitação via e-mail,2024-04-18 22:58:31
6717,Problemas com verificação de identidade,2024-02-16 22:42:09
6720,Problemas com verificação de identidade,2020-09-04 16:10:33
6722,Solicitação do usuário,2023-12-29 18:31:41
6728,Migração para outro sistema,2023-09-22 08:37:59
6737,Migração para outro sistema,2021-08-01 01:38:53
6742,Migração para outro sistema,2021-11-04 13:25:43
6746,Inatividade prolongada,2024-09-03 07:59:21
6748,Erro no cadastro,2025-01-10 01:39:31
6756,Erro no cadastro,2024-10-02 17:21:13
6763,Inatividade prolongada,2020-10-21 21:16:44
6765,Erro no cadastro,2021-05-14 15:11:38
6769,Migração para outro sistema,2023-03-25 23:51:23
6777,Solicitação do usuário,2024-10-06 10:37:57
6799,Solicitação via e-mail,2023-04-25 20:17:06
6802,Solicitação do usuário,2023-10-04 13:07:41
6811,Erro no cadastro,2023-07-15 11:44:18
6831,Solicitação do usuário,2023-10-23 06:20:21
6832,Conta duplicada,2023-09-28 04:20:07
6841,Problemas com verificação de identidade,2022-07-01 08:29:35
6847,Migração para outro sistema,2020-08-15 18:08:00
6852,Solicitação do usuário,2023-02-08 10:30:52
6857,Solicitação do usuário,2022-09-30 07:11:28
6867,Erro no cadastro,2024-12-13 00:30:44
6872,Erro no cadastro,2024-09-18 05:02:50
6878,Problemas com verificação de identidade,2022-02-28 10:06:08
6880,Migração para outro sistema,2022-10-21 23:16:04
6901,Migração para outro sistema,2024-04-09 13:05:45
6906,Migração para outro sistema,2023-09-27 08:20:42
6908,Conta duplicada,2022-01-04 16:11:13
6909,Solicitação via e-mail,2023-06-28 19:20:03
6922,Inatividade prolongada,2022-12-19 02:11:37
6932,Problemas com verificação de identidade,2022-12-22 02:19:08
6944,Inatividade prolongada,2024-02-22 08:21:42
6954,Inatividade prolongada,2021-03-07 21:01:48
6971,Problemas com verificação de identidade,2022-10-29 10:03:48
6997,Problemas com verificação de identidade,2021-09-29 02:43:21
6998,Solicitação via e-mail,2024-12-18 22:55:28
7006,Problemas com verificação de identidade,2024-03-09 11:53:44
7013,Inatividade prolongada,2025-03-24 12:59:54
7017,Problemas com verificação de identidade,2023-05-19 04:54:02
7024,Migração para outro sistema,2021-05-14 21:55:10
7028,Erro no cadastro,2023-02-27 00:41:22
7043,Solicitação via e-mail,2021-08-06 16:48:50
7050,Migração para outro sistema,2021-07-20 02:17:57
7052,Conta duplicada,2022-09-01 11:38:28
7068,Solicitação do usuário,2021-07-26 21:44:04
7074,Inatividade prolongada,2022-05-21 09:44:41
7081,Erro no cadastro,2020-06-17 07:28:23
7085,Conta duplicada,2020-11-13 12:21:20
7086,Solicitação do usuário,2021-03-26 00:43:12
7090,Conta duplicada,2023-10-10 19:43:41
7094,Migração para outro sistema,2021-12-27 11:17:27
7095,Erro no cadastro,2023-04-14 10:31:39
7105,Inatividade prolongada,2020-07-03 10:31:04
7107,Solicitação do usuário,2022-04-23 03:14:12
7109,Inatividade prolongada,2022-02-03 22:49:44
7145,Migração para outro sistema,2022-02-08 02:46:13
7169,Solicitação do usuário,2022-10-11 09:20:20
7185,Problemas com verificação de identidade,2023-02-16 05:00:30
7188,Solicitação via e-mail,2020-07-10 02:09:06
7190,Erro no cadastro,2024-05-24 04:05:34
7205,Erro no cadastro,2022-04-12 13:36:13
7210,Solicitação do usuário,2022-11-09 20:22:36
7212,Solicitação do usuário,2021-11-06 22:42:48
7213,Problemas com verificação de identidade,2022-09-03 12:12:26
7235,Inatividade prolongada,2023-09-29 08:02:53
7246,Conta duplicada,2024-09-11 10:43:04
7251,Solicitação do usuário,2024-08-07 23:30:35
7259,Conta duplicada,2023-05-22 02:13:52
7276,Problemas com verificação de identidade,2021-02-01 21:15:11
7289,Migração para outro sistema,2024-11-24 06:20:46
7293,Migração para outro sistema,2020-06-30 06:34:20
7296,Migração para outro sistema,2023-03-30 06:01:35
7308,Inatividade prolongada,2024-06-05 12:26:07
7310,Erro no cadastro,2024-06-24 09:24:15
7321,Conta duplicada,2024-08-02 00:10:15
7324,Erro no cadastro,2022-08-03 00:10:05
7331,Solicitação do usuário,2021-12-21 17:13:10
7345,Solicitação do usuário,2023-05-24 14:45:56
7347,Migração para outro sistema,2020-07-30 03:17:50
7366,Problemas com verificação de identidade,2020-11-04 15:44:59
7370,Problemas com verificação de identidade,2020-08-08 20:02:29
7381,Problemas com verificação de identidade,2020-09-04 17:44:24
7389,Conta duplicada,2022-09-08 15:34:15
7421,Conta duplicada,2020-10-16 03:06:46
7429,Solicitação do usuário,2022-04-25 07:53:09
7433,Inatividade prolongada,2022-01-20 13:29:01
7438,Conta duplicada,2022-08-06 09:53:30
7439,Solicitação do usuário,2024-06-29 20:22:44
7440,Problemas com verificação de identidade,2024-04-03 08:01:29
7451,Inatividade prolongada,2022-09-10 17:35:34
7459,Conta duplicada,2020-07-04 20:39:49
7468,Problemas com verificação de identidade,2021-11-29 02:01:33
7471,Erro no cadastro,2024-08-27 10:47:01
7472,Solicitação via e-mail,2020-12-11 17:23:39
7492,Migração para outro sistema,2025-01-29 00:57:22
7498,Erro no cadastro,2021-03-26 23:29:41
7500,Solicitação via e-mail,2020-09-22 17:26:53
7517,Problemas com verificação de identidade,2020-11-19 11:25:21
7533,Erro no cadastro,2020-08-13 13:05:24
7542,Problemas com verificação de identidade,2023-11-28 14:55:17
7552,Migração para outro sistema,2021-02-10 08:37:51
7569,Solicitação via e-mail,2020-05-13 01:18:18
7570,Conta duplicada,2023-05-21 01:34:56
7582,Solicitação via e-mail,2021-02-07 02:42:12
7587,Problemas com verificação de identidade,2022-05-11 05:33:04
7599,Erro no cadastro,2025-03-20 21:52:01
7601,Erro no cadastro,2023-10-10 00:25:35
7609,Problemas com verificação de identidade,2021-12-16 18:03:37
7610,Conta duplicada,2021-02-10 14:04:19
7625,Migração para outro sistema,2023-05-23 11:40:10
7643,Solicitação do usuário,2022-09-26 07:23:28
7663,Solicitação do usuário,2022-02-20 05:31:48
7667,Solicitação via e-mail,2023-08-27 16:45:40
7670,Migração para outro sistema,2024-04-19 08:49:27
7671,Migração para outro sistema,2022-08-22 17:10:51
7674,Inatividade prolongada,2020-12-23 06:43:25
7678,Conta duplicada,2023-09-03 04:41:13
7681,Solicitação via e-mail,2024-04-29 08:02:57
7687,Erro no cadastro,2021-01-07 02:16:05
7705,Erro no cadastro,2021-01-30 04:30:59
7709,Solicitação do usuário,2024-12-13 17:05:50
7724,Erro no cadastro,2021-10-30 14:39:17
7729,Solicitação do usuário,2021-02-09 17:34:17
7751,Solicitação via e-mail,2022-08-18 04:50:14
7752,Solicitação via e-mail,2020-09-13 04:35:31
7755,Migração para outro sistema,2023-02-17 18:25:58
7765,Problemas com verificação de identidade,2023-05-25 00:12:36
7766,Migração para outro sistema,2023-10-22 06:45:49
7777,Migração para outro sistema,2024-08-28 12:54:27
7780,Solicitação via e-mail,2020-12-10 05:16:13
7787,Inatividade prolongada,2020-12-21 03:33:29
7788,Solicitação do usuário,2021-01-04 07:13:15
7793,Erro no cadastro,2023-10-16 01:53:10
7795,Solicitação via e-mail,2022-06-04 13:30:31
7805,Solicitação do usuário,2022-12-29 05:04:48
7813,Migração para outro sistema,2024-09-20 04:23:32
7838,Solicitação do usuário,2021-03-22 00:26:28
7841,Erro no cadastro,2022-09-14 14:58:47
7842,Solicitação do usuário,2025-02-11 08:29:04
7852,Erro no cadastro,2022-02-26 20:05:05
7855,Migração para outro sistema,2023-08-25 21:20:38
7865,Problemas com verificação de identidade,2022-07-17 17:05:42
7879,Inatividade prolongada,2024-11-10 15:22:20
7880,Solicitação via e-mail,2023-05-26 00:47:46
7890,Conta duplicada,2021-12-15 09:51:02
7952,Inatividade prolongada,2022-09-10 04:05:43
7953,Conta duplicada,2023-11-28 22:03:27
7954,Solicitação do usuário,2021-01-03 11:52:47
7969,Erro no cadastro,2021-01-13 11:28:00
7971,Solicitação via e-mail,2023-10-21 18:25:49
7977,Inatividade prolongada,2021-05-02 13:02:14
7994,Solicitação via e-mail,2022-04-28 05:07:12
8002,Erro no cadastro,2025-04-17 20:30:00
8021,Migração para outro sistema,2020-07-23 21:21:18
8023,Problemas com verificação de identidade,2022-07-29 07:28:35
8028,Problemas com verificação de identidade,2023-02-12 07:57:22
8031,Solicitação via e-mail,2023-01-31 02:24:57
8039,Solicitação do usuário,2022-05-03 23:08:54
8068,Inatividade prolongada,2024-03-17 22:32:24
8102,Erro no cadastro,2022-07-17 19:39:19
8103,Problemas com verificação de identidade,2024-10-29 07:05:20
8109,Migração para outro sistema,2020-11-01 21:21:59
8110,Erro no cadastro,2023-05-24 20:59:04
8112,Problemas com verificação de identidade,2021-01-06 18:18:32
8122,Solicitação do usuário,2023-11-06 11:10:54
8128,Solicitação do usuário,2020-10-19 18:12:39
8137,Problemas com verificação de identidade,2021-01-01 01:29:57
8139,Solicitação do usuário,2021-03-05 12:07:57
8157,Conta duplicada,2023-05-23 04:25:36
8173,Erro no cadastro,2024-03-15 09:43:46
8176,Solicitação do usuário,2022-12-07 14:38:42
8185,Inatividade prolongada,2020-12-18 06:36:01
8186,Problemas com verificação de identidade,2024-07-07 23:49:42
8189,Solicitação via e-mail,2022-11-29 23:25:20
8191,Inatividade prolongada,2020-09-18 16:22:38
8205,Migração para outro sistema,2022-07-19 20:03:06
8206,Solicitação via e-mail,2022-08-18 19:11:04
8208,Migração para outro sistema,2023-04-16 20:38:12
8213,Solicitação via e-mail,2020-11-03 10:00:55
8222,Erro no cadastro,2021-02-14 15:11:12
8232,Inatividade prolongada,2024-07-16 02:59:46
8244,Migração para outro sistema,2023-09-21 12:35:34
8250,Problemas com verificação de identidade,2024-01-15 03:47:43
8256,Migração para outro sistema,2024-11-02 21:14:40
8269,Inatividade prolongada,2021-10-20 06:56:22
8270,Migração para outro sistema,2024-02-26 03:31:24
8272,Problemas com verificação de identidade,2022-03-05 11:01:25
8276,Migração para outro sistema,2022-05-02 11:28:50
8303,Conta duplicada,2021-03-25 09:48:33
8308,Solicitação via e-mail,2021-01-03 20:15:57
8313,Solicitação via e-mail,2023-09-04 16:45:56
8315,Erro no cadastro,2025-03-02 05:33:26
8331,Solicitação do usuário,2024-11-11 03:32:37
8335,Solicitação via e-mail,2022-11-20 21:05:33
8337,Solicitação via e-mail,2022-02-16 23:26:18
8355,Erro no cadastro,2025-04-16 06:55:06
8365,Solicitação via e-mail,2024-10-27 15:01:46
8366,Solicitação do usuário,2021-11-22 21:25:17
8381,Solicitação do usuário,2021-11-04 14:49:09
8382,Solicitação via e-mail,2024-05-05 17:34:31
8393,Inatividade prolongada,2023-01-13 23:49:30
8400,Conta duplicada,2023-08-06 14:00:39
8402,Inatividade prolongada,2023-05-23 19:04:11
8406,Solicitação do usuário,2021-01-02 00:10:24
8408,Migração para outro sistema,2020-09-25 17:17:58
8430,Migração para outro sistema,2022-06-02 12:05:48
8439,Solicitação via e-mail,2023-05-10 03:09:24
8440,Inatividade prolongada,2025-02-17 15:04:19
8444,Conta duplicada,2022-08-04 01:54:51
8452,Problemas com verificação de identidade,2021-11-16 19:21:22
8459,Erro no cadastro,2023-10-10 20:36:41
8467,Erro no cadastro,2021-08-10 21:38:38
8470,Solicitação via e-mail,2023-12-04 19:54:31
8472,Migração para outro sistema,2023-03-23 22:52:59
8484,Inatividade prolongada,2022-10-20 19:01:24
8485,Problemas com verificação de identidade,2024-12-18 05:16:19
8509,Solicitação do usuário,2021-12-02 20:08:44
8521,Solicitação via e-mail,2020-10-27 12:18:30
8526,Solicitação via e-mail,2022-04-02 21:13:29
8541,Erro no cadastro,2024-01-23 18:16:59
8570,Conta duplicada,2021-10-13 11:54:02
8581,Solicitação via e-mail,2023-03-13 02:04:54
8604,Migração para outro sistema,2022-02-24 03:30:20
8608,Solicitação via e-mail,2021-06-02 18:09:56
8613,Solicitação do usuário,2021-10-12 02:52:04
8624,Problemas com verificação de identidade,2021-06-04 09:37:20
8629,Problemas com verificação de identidade,2021-01-07 15:02:42
8630,Conta duplicada,2022-10-23 23:44:48
8645,Problemas com verificação de identidade,2024-06-01 06:11:59
8646,Inatividade prolongada,2021-07-28 21:29:28
8651,Erro no cadastro,2023-08-13 13:22:18
8656,Erro no cadastro,2023-07-15 11:10:55
8658,Problemas com verificação de identidade,2023-06-01 22:42:32
8664,Solicitação do usuário,2021-03-12 03:58:31
8670,Solicitação do usuário,2024-12-22 18:25:08
8672,Migração para outro sistema,2021-04-01 13:59:43
8677,Erro no cadastro,2023-04-23 06:30:22
8682,Erro no cadastro,2024-03-30 12:50:20
8691,Solicitação do usuário,2022-08-29 07:12:33
8720,Solicitação do usuário,2020-07-27 00:02:13
8725,Erro no cadastro,2021-11-25 18:10:39
8738,Conta duplicada,2022-12-29 17:02:28
8755,Conta duplicada,2020-05-05 03:10:08
8773,Migração para outro sistema,2023-09-26 08:13:31
8782,Conta duplicada,2022-02-15 12:51:24
8800,Conta duplicada,2020-09-22 16:57:10
8806,Solicitação do usuário,2024-09-06 15:51:10
8817,Problemas com verificação de identidade,2020-11-08 10:48:30
8821,Solicitação do usuário,2022-02-18 04:51:41
8829,Migração para outro sistema,2023-03-01 14:24:33
8831,Inatividade prolongada,2021-06-25 19:26:33
8838,Erro no cadastro,2020-10-02 19:08:56
8852,Inatividade prolongada,2025-04-01 11:06:59
8854,Erro no cadastro,2021-09-30 07:04:35
8860,Solicitação do usuário,2024-10-20 08:34:05
8868,Conta duplicada,2022-02-19 14:42:17
8897,Inatividade prolongada,2023-07-04 16:55:14
8907,Conta duplicada,2024-01-04 19:50:18
8910,Inatividade prolongada,2023-01-01 12:39:38
8919,Migração para outro sistema,2021-08-29 19:17:52
8925,Problemas com verificação de identidade,2022-05-17 10:08:10
8934,Problemas com verificação de identidade,2023-08-01 03:32:57
8961,Solicitação do usuário,2025-01-04 14:20:22
8962,Migração para outro sistema,2021-05-08 12:44:22
8967,Solicitação via e-mail,2020-07-09 06:03:58
8989,Conta duplicada,2023-08-29 22:33:41
8996,Solicitação via e-mail,2023-07-15 00:28:18
8999,Solicitação via e-mail,2021-04-12 09:29:38
9002,Solicitação do usuário,2021-07-12 08:35:22
9011,Problemas com verificação de identidade,2024-12-24 14:51:46
9020,Migração para outro sistema,2024-05-30 23:15:07
9021,Conta duplicada,2022-08-28 11:29:56
9025,Erro no cadastro,2023-11-26 15:34:35
9029,Solicitação do usuário,2023-12-13 11:53:50
9044,Conta duplicada,2024-09-25 07:08:31
9047,Conta duplicada,2022-01-27 20:54:46
9051,Solicitação do usuário,2024-08-13 07:09:21
9053,Solicitação via e-mail,2021-10-02 14:25:04
9065,Inatividade prolongada,2021-02-02 21:58:04
9068,Problemas com verificação de identidade,2023-10-16 08:19:40
9089,Inatividade prolongada,2020-10-14 12:29:03
9092,Conta duplicada,2022-08-17 00:23:45
9096,Conta duplicada,2020-09-06 03:05:52
9112,Erro no cadastro,2022-05-01 08:43:59
9124,Erro no cadastro,2023-08-05 01:53:15
9127,Problemas com verificação de identidade,2022-08-06 06:57:36
9134,Conta duplicada,2023-08-03 01:32:19
9135,Conta duplicada,2024-12-31 16:49:11
9139,Solicitação via e-mail,2021-01-14 08:07:27
9148,Problemas com verificação de identidade,2020-08-01 17:32:19
9152,Solicitação via e-mail,2022-04-05 00:39:43
9154,Inatividade prolongada,2023-02-02 23:06:56
9201,Solicitação do usuário,2023-07-02 15:41:24
9205,Erro no cadastro,2020-09-12 16:05:45
9206,Inatividade prolongada,2022-01-08 19:26:38
9210,Migração para outro sistema,2022-08-21 18:30:48
9217,Erro no cadastro,2021-01-06 19:09:04
9249,Solicitação do usuário,2024-12-22 06:08:16
9256,Conta duplicada,2024-11-26 01:53:56
9285,Migração para outro sistema,2024-06-02 14:05:00
9304,Conta duplicada,2022-12-05 00:53:23
9306,Solicitação do usuário,2025-04-28 23:35:02
9308,Conta duplicada,2021-08-01 10:11:53
9309,Migração para outro sistema,2021-02-20 18:40:46
9310,Conta duplicada,2023-08-21 11:11:38
9315,Solicitação via e-mail,2021-12-28 01:19:41
9321,Erro no cadastro,2024-06-01 20:52:24
9331,Solicitação via e-mail,2024-12-24 04:02:10
9343,Problemas com verificação de identidade,2020-12-29 08:33:36
9359,Solicitação via e-mail,2021-03-08 14:45:23
9367,Problemas com verificação de identidade,2020-09-22 17:25:46
9376,Erro no cadastro,2023-12-19 20:30:28
9382,Problemas com verificação de identidade,2024-04-17 14:26:55
9384,Conta duplicada,2023-06-17 09:20:11
9389,Problemas com verificação de identidade,2023-05-20 00:01:25
9390,Inatividade prolongada,2022-05-07 04:03:47
9393,Solicitação do usuário,2025-02-27 02:59:04
9399,Solicitação do usuário,2023-10-11 07:25:58
9414,Solicitação do usuário,2020-07-02 12:18:38
9425,Inatividade prolongada,2022-11-18 14:47:04
9441,Conta duplicada,2020-08-17 02:05:30
9445,Conta duplicada,2022-02-17 13:02:56
9458,Solicitação via e-mail,2024-01-26 10:12:58
9465,Inatividade prolongada,2022-05-04 05:00:43
9496,Inatividade prolongada,2023-04-12 08:20:43
9497,Inatividade prolongada,2024-08-31 12:25:37
9504,Migração para outro sistema,2021-12-23 11:52:17
9506,Conta duplicada,2023-02-27 12:44:42
9517,Solicitação via e-mail,2023-08-21 01:15:26
9532,Conta duplicada,2023-06-25 09:59:41
9537,Inatividade prolongada,2021-08-19 14:55:25
9543,Erro no cadastro,2020-07-08 00:57:15
9545,Erro no cadastro,2021-11-01 09:42:34
9546,Migração para outro sistema,2022-03-14 08:03:11
9550,Problemas com verificação de identidade,2022-03-19 09:55:40
9554,Inatividade prolongada,2023-07-29 17:01:12
9559,Problemas com verificação de identidade,2020-08-28 15:07:11
9564,Erro no cadastro,2022-10-03 15:23:50
9573,Erro no cadastro,2021-01-10 17:22:31
9603,Inatividade prolongada,2023-08-24 12:06:00
9604,Problemas com verificação de identidade,2024-03-06 01:20:57
9605,Inatividade prolongada,2022-11-03 08:35:26
9619,Inatividade prolongada,2020-12-17 17:28:54
9621,Inatividade prolongada,2022-03-20 08:50:36
9629,Inatividade prolongada,2021-02-17 13:28:19
9640,Problemas com verificação de identidade,2024-12-27 10:22:09
9671,Problemas com verificação de identidade,2023-03-26 03:52:15
9679,Problemas com verificação de identidade,2023-12-20 11:00:13
9688,Solicitação via e-mail,2023-05-09 12:30:31
9708,Conta duplicada,2020-05-09 20:06:13
9733,Solicitação via e-mail,2023-01-19 09:56:39
9747,Solicitação do usuário,2022-06-28 13:47:11
9748,Solicitação via e-mail,2021-09-05 08:04:42
9761,Conta duplicada,2020-05-11 13:19:33
9780,Solicitação via e-mail,2022-08-28 16:45:53
9796,Erro no cadastro,2020-07-05 16:06:07
9798,Conta duplicada,2020-07-19 07:27:55
9804,Erro no cadastro,2023-12-20 11:29:33
9837,Problemas com verificação de identidade,2025-04-10 10:00:54
9844,Migração para outro sistema,2024-04-21 07:06:08
9847,Migração para outro sistema,2020-10-30 18:40:27
9851,Solicitação via e-mail,2024-01-08 14:52:32
9858,Problemas com verificação de identidade,2022-05-28 17:43:16
9867,Migração para outro sistema,2022-08-25 19:59:52
9878,Solicitação do usuário,2024-03-23 19:07:47
9894,Inatividade prolongada,2024-07-06 03:34:05
9895,Erro no cadastro,2024-06-07 04:48:47
9897,Inatividade prolongada,2023-05-13 03:30:33
9906,Problemas com verificação de identidade,2023-10-01 09:56:44
9907,Erro no cadastro,2022-12-06 09:00:08
9918,Inatividade prolongada,2024-01-29 10:21:21
9920,Erro no cadastro,2020-11-14 01:53:18
9922,Migração para outro sistema,2023-12-04 18:04:29
9931,Problemas com verificação de identidade,2023-08-27 13:47:50
9936,Problemas com verificação de identidade,2024-02-16 14:43:15
9945,Migração para outro sistema,2025-02-04 19:16:14
9950,Solicitação via e-mail,2025-03-21 02:30:13
9958,Inatividade prolongada,2021-04-22 23:08:22
9973,Erro no cadastro,2021-06-02 14:13:47
9978,Conta duplicada,2022-03-10 04:55:17
9982,Solicitação do usuário,2022-11-28 05:04:47
9989,Inatividade prolongada,2021-05-05 02:29:24
9991,Conta duplicada,2024-07-31 19:20:42
9998,Erro no cadastro,2024-07-13 03:23:47
