id_freelancer,id_especialidade,nivel_proeficiencia
1,"[1, 3]",Iniciante
2,"[1, 3]",Especialista
3,"[1, 3]",Intermediário
4,"[1, 3]",Intermediário
5,"[1, 3]",Avançado
6,"[1, 3]",Iniciante
7,"[1, 3]",Intermediário
8,"[1, 3]",Especialista
9,"[1, 3]",Iniciante
10,"[1, 3]",Especialista
11,"[1, 3]",Iniciante
12,"[1, 3]",Intermediário
13,"[1, 3]",Iniciante
14,"[1, 3]",Iniciante
15,"[1, 3]",Iniciante
16,"[1, 3]",Intermediário
17,"[1, 3]",Especialista
18,"[1, 3]",Avançado
19,"[1, 3]",Intermediário
20,"[1, 3]",Avançado
21,"[1, 3]",Intermediário
22,"[1, 3]",Especialista
23,"[1, 3]",Avançado
24,"[1, 3]",Iniciante
25,"[1, 3]",Iniciante
26,"[1, 3]",Intermediário
27,"[1, 3]",Intermediário
28,"[1, 3]",Iniciante
29,"[1, 3]",Avançado
30,"[1, 3]",Avançado
31,"[1, 3]",Especialista
32,"[1, 3]",Especialista
33,"[1, 3]",Intermediário
34,"[1, 3]",Iniciante
35,"[1, 3]",Intermediário
36,"[1, 3]",Avançado
37,"[1, 3]",Avançado
38,"[1, 3]",Iniciante
39,"[1, 3]",Iniciante
40,"[1, 3]",Intermediário
41,"[1, 3]",Especialista
42,"[1, 3]",Iniciante
43,"[1, 3]",Iniciante
44,"[1, 3]",Avançado
45,"[1, 3]",Especialista
46,"[1, 3]",Especialista
47,"[1, 3]",Iniciante
48,"[1, 3]",Avançado
49,"[1, 3]",Iniciante
50,"[1, 3]",Iniciante
51,"[1, 3]",Avançado
52,"[1, 3]",Especialista
53,"[1, 3]",Intermediário
54,"[1, 3]",Avançado
55,"[1, 3]",Iniciante
56,"[1, 3]",Avançado
57,"[1, 3]",Especialista
58,"[1, 3]",Avançado
59,"[1, 3]",Iniciante
60,"[1, 3]",Intermediário
61,"[1, 3]",Avançado
62,"[1, 3]",Avançado
63,"[1, 3]",Intermediário
64,"[1, 3]",Especialista
65,"[1, 3]",Avançado
66,"[1, 3]",Intermediário
67,"[1, 3]",Avançado
68,"[1, 3]",Avançado
69,"[1, 3]",Especialista
70,"[1, 3]",Especialista
71,"[1, 3]",Intermediário
72,"[1, 3]",Iniciante
73,"[1, 3]",Iniciante
74,"[1, 3]",Iniciante
75,"[1, 3]",Avançado
76,"[1, 3]",Intermediário
77,"[1, 3]",Especialista
78,"[1, 3]",Avançado
79,"[1, 3]",Especialista
80,"[1, 3]",Avançado
81,"[1, 3]",Especialista
82,"[1, 3]",Iniciante
83,"[1, 3]",Intermediário
84,"[1, 3]",Iniciante
85,"[1, 3]",Especialista
86,"[1, 3]",Especialista
87,"[1, 3]",Avançado
88,"[1, 3]",Avançado
89,"[1, 3]",Avançado
90,"[1, 3]",Iniciante
91,"[1, 3]",Avançado
92,"[1, 3]",Iniciante
93,"[1, 3]",Especialista
94,"[1, 3]",Iniciante
95,"[1, 3]",Intermediário
96,"[1, 3]",Intermediário
97,"[1, 3]",Especialista
98,"[1, 3]",Especialista
99,"[1, 3]",Avançado
100,"[1, 3]",Intermediário
101,"[1, 3]",Avançado
102,"[1, 3]",Especialista
103,"[1, 3]",Avançado
104,"[1, 3]",Especialista
105,"[1, 3]",Especialista
106,"[1, 3]",Iniciante
107,"[1, 3]",Iniciante
108,"[1, 3]",Especialista
109,"[1, 3]",Avançado
110,"[1, 3]",Especialista
111,"[1, 3]",Avançado
112,"[1, 3]",Especialista
113,"[1, 3]",Avançado
114,"[1, 3]",Intermediário
115,"[1, 3]",Iniciante
116,"[1, 3]",Intermediário
117,"[1, 3]",Intermediário
118,"[1, 3]",Intermediário
119,"[1, 3]",Especialista
120,"[1, 3]",Avançado
121,"[1, 3]",Intermediário
122,"[1, 3]",Avançado
123,"[1, 3]",Iniciante
124,"[1, 3]",Intermediário
125,"[1, 3]",Iniciante
126,"[1, 3]",Intermediário
127,"[1, 3]",Especialista
128,"[1, 3]",Iniciante
129,"[1, 3]",Avançado
130,"[1, 3]",Avançado
131,"[1, 3]",Especialista
132,"[1, 3]",Iniciante
133,"[1, 3]",Intermediário
134,"[1, 3]",Iniciante
135,"[1, 3]",Avançado
136,"[1, 3]",Intermediário
137,"[1, 3]",Avançado
138,"[1, 3]",Iniciante
139,"[1, 3]",Intermediário
140,"[1, 3]",Avançado
141,"[1, 3]",Intermediário
142,"[1, 3]",Especialista
143,"[1, 3]",Avançado
144,"[1, 3]",Especialista
145,"[1, 3]",Iniciante
146,"[1, 3]",Especialista
147,"[1, 3]",Iniciante
148,"[1, 3]",Iniciante
149,"[1, 3]",Intermediário
150,"[1, 3]",Especialista
151,"[1, 3]",Intermediário
152,"[1, 3]",Especialista
153,"[1, 3]",Avançado
154,"[1, 3]",Intermediário
155,"[1, 3]",Avançado
156,"[1, 3]",Especialista
157,"[1, 3]",Intermediário
158,"[1, 3]",Intermediário
159,"[1, 3]",Especialista
160,"[1, 3]",Especialista
161,"[1, 3]",Iniciante
162,"[1, 3]",Intermediário
163,"[1, 3]",Iniciante
164,"[1, 3]",Intermediário
165,"[1, 3]",Especialista
166,"[1, 3]",Iniciante
167,"[1, 3]",Avançado
168,"[1, 3]",Especialista
169,"[1, 3]",Especialista
170,"[1, 3]",Intermediário
171,"[1, 3]",Avançado
172,"[1, 3]",Avançado
173,"[1, 3]",Avançado
174,"[1, 3]",Iniciante
175,"[1, 3]",Especialista
176,"[1, 3]",Avançado
177,"[1, 3]",Intermediário
178,"[1, 3]",Intermediário
179,"[1, 3]",Iniciante
180,"[1, 3]",Iniciante
181,"[1, 3]",Especialista
182,"[1, 3]",Especialista
183,"[1, 3]",Avançado
184,"[1, 3]",Intermediário
185,"[1, 3]",Especialista
186,"[1, 3]",Intermediário
187,"[1, 3]",Especialista
188,"[1, 3]",Especialista
189,"[1, 3]",Especialista
190,"[1, 3]",Avançado
191,"[1, 3]",Especialista
192,"[1, 3]",Iniciante
193,"[1, 3]",Avançado
194,"[1, 3]",Iniciante
195,"[1, 3]",Intermediário
196,"[1, 3]",Especialista
197,"[1, 3]",Avançado
198,"[1, 3]",Iniciante
199,"[1, 3]",Iniciante
200,"[1, 3]",Especialista
201,"[1, 3]",Especialista
202,"[1, 3]",Avançado
203,"[1, 3]",Iniciante
204,"[1, 3]",Intermediário
205,"[1, 3]",Avançado
206,"[1, 3]",Iniciante
207,"[1, 3]",Especialista
208,"[1, 3]",Intermediário
209,"[1, 3]",Intermediário
210,"[1, 3]",Intermediário
211,"[1, 3]",Avançado
212,"[1, 3]",Avançado
213,"[1, 3]",Iniciante
214,"[1, 3]",Intermediário
215,"[1, 3]",Especialista
216,"[1, 3]",Iniciante
217,"[1, 3]",Iniciante
218,"[1, 3]",Avançado
219,"[1, 3]",Especialista
220,"[1, 3]",Iniciante
221,"[1, 3]",Intermediário
222,"[1, 3]",Intermediário
223,"[1, 3]",Avançado
224,"[1, 3]",Iniciante
225,"[1, 3]",Iniciante
226,"[1, 3]",Especialista
227,"[1, 3]",Avançado
228,"[1, 3]",Iniciante
229,"[1, 3]",Avançado
230,"[1, 3]",Intermediário
231,"[1, 3]",Especialista
232,"[1, 3]",Iniciante
233,"[1, 3]",Avançado
234,"[1, 3]",Iniciante
235,"[1, 3]",Avançado
236,"[1, 3]",Iniciante
237,"[1, 3]",Avançado
238,"[1, 3]",Intermediário
239,"[1, 3]",Avançado
240,"[1, 3]",Avançado
241,"[1, 3]",Intermediário
242,"[1, 3]",Intermediário
243,"[1, 3]",Iniciante
244,"[1, 3]",Avançado
245,"[1, 3]",Avançado
246,"[1, 3]",Iniciante
247,"[1, 3]",Especialista
248,"[1, 3]",Iniciante
249,"[1, 3]",Avançado
250,"[1, 3]",Especialista
251,"[1, 3]",Iniciante
252,"[1, 3]",Especialista
253,"[1, 3]",Especialista
254,"[1, 3]",Avançado
255,"[1, 3]",Iniciante
256,"[1, 3]",Iniciante
257,"[1, 3]",Avançado
258,"[1, 3]",Intermediário
259,"[1, 3]",Especialista
260,"[1, 3]",Avançado
261,"[1, 3]",Iniciante
262,"[1, 3]",Intermediário
263,"[1, 3]",Especialista
264,"[1, 3]",Especialista
265,"[1, 3]",Iniciante
266,"[1, 3]",Especialista
267,"[1, 3]",Avançado
268,"[1, 3]",Especialista
269,"[1, 3]",Iniciante
270,"[1, 3]",Intermediário
271,"[1, 3]",Especialista
272,"[1, 3]",Especialista
273,"[1, 3]",Especialista
274,"[1, 3]",Intermediário
275,"[1, 3]",Avançado
276,"[1, 3]",Avançado
277,"[1, 3]",Iniciante
278,"[1, 3]",Especialista
279,"[1, 3]",Intermediário
280,"[1, 3]",Iniciante
281,"[1, 3]",Intermediário
282,"[1, 3]",Avançado
283,"[1, 3]",Especialista
284,"[1, 3]",Avançado
285,"[1, 3]",Iniciante
286,"[1, 3]",Especialista
287,"[1, 3]",Especialista
288,"[1, 3]",Especialista
289,"[1, 3]",Iniciante
290,"[1, 3]",Avançado
291,"[1, 3]",Especialista
292,"[1, 3]",Iniciante
293,"[1, 3]",Intermediário
294,"[1, 3]",Avançado
295,"[1, 3]",Avançado
296,"[1, 3]",Avançado
297,"[1, 3]",Avançado
298,"[1, 3]",Especialista
299,"[1, 3]",Intermediário
300,"[1, 3]",Avançado
301,"[1, 3]",Avançado
302,"[1, 3]",Iniciante
303,"[1, 3]",Avançado
304,"[1, 3]",Especialista
305,"[1, 3]",Intermediário
306,"[1, 3]",Intermediário
307,"[1, 3]",Avançado
308,"[1, 3]",Intermediário
309,"[1, 3]",Intermediário
310,"[1, 3]",Avançado
311,"[1, 3]",Iniciante
312,"[1, 3]",Avançado
313,"[1, 3]",Intermediário
314,"[1, 3]",Especialista
315,"[1, 3]",Especialista
316,"[1, 3]",Iniciante
317,"[1, 3]",Intermediário
318,"[1, 3]",Avançado
319,"[1, 3]",Avançado
320,"[1, 3]",Avançado
321,"[1, 3]",Especialista
322,"[1, 3]",Avançado
323,"[1, 3]",Intermediário
324,"[1, 3]",Intermediário
325,"[1, 3]",Especialista
326,"[1, 3]",Iniciante
327,"[1, 3]",Intermediário
328,"[1, 3]",Intermediário
329,"[1, 3]",Intermediário
330,"[1, 3]",Intermediário
331,"[1, 3]",Iniciante
332,"[1, 3]",Intermediário
333,"[1, 3]",Avançado
334,"[1, 3]",Avançado
335,"[1, 3]",Especialista
336,"[1, 3]",Especialista
337,"[1, 3]",Especialista
338,"[1, 3]",Avançado
339,"[1, 3]",Avançado
340,"[1, 3]",Avançado
341,"[1, 3]",Iniciante
342,"[1, 3]",Intermediário
343,"[1, 3]",Avançado
344,"[1, 3]",Especialista
345,"[1, 3]",Iniciante
346,"[1, 3]",Iniciante
347,"[1, 3]",Intermediário
348,"[1, 3]",Intermediário
349,"[1, 3]",Intermediário
350,"[1, 3]",Especialista
351,"[1, 3]",Avançado
352,"[1, 3]",Intermediário
353,"[1, 3]",Avançado
354,"[1, 3]",Iniciante
355,"[1, 3]",Especialista
356,"[1, 3]",Especialista
357,"[1, 3]",Iniciante
358,"[1, 3]",Avançado
359,"[1, 3]",Intermediário
360,"[1, 3]",Avançado
361,"[1, 3]",Especialista
362,"[1, 3]",Iniciante
363,"[1, 3]",Avançado
364,"[1, 3]",Intermediário
365,"[1, 3]",Iniciante
366,"[1, 3]",Iniciante
367,"[1, 3]",Iniciante
368,"[1, 3]",Avançado
369,"[1, 3]",Intermediário
370,"[1, 3]",Avançado
371,"[1, 3]",Iniciante
372,"[1, 3]",Avançado
373,"[1, 3]",Avançado
374,"[1, 3]",Especialista
375,"[1, 3]",Especialista
376,"[1, 3]",Intermediário
377,"[1, 3]",Intermediário
378,"[1, 3]",Iniciante
379,"[1, 3]",Avançado
380,"[1, 3]",Avançado
381,"[1, 3]",Especialista
382,"[1, 3]",Especialista
383,"[1, 3]",Avançado
384,"[1, 3]",Avançado
385,"[1, 3]",Intermediário
386,"[1, 3]",Iniciante
387,"[1, 3]",Intermediário
388,"[1, 3]",Avançado
389,"[1, 3]",Iniciante
390,"[1, 3]",Intermediário
391,"[1, 3]",Especialista
392,"[1, 3]",Avançado
393,"[1, 3]",Intermediário
394,"[1, 3]",Avançado
395,"[1, 3]",Especialista
396,"[1, 3]",Avançado
397,"[1, 3]",Intermediário
398,"[1, 3]",Especialista
399,"[1, 3]",Iniciante
400,"[1, 3]",Iniciante
401,"[1, 3]",Iniciante
402,"[1, 3]",Iniciante
403,"[1, 3]",Iniciante
404,"[1, 3]",Especialista
405,"[1, 3]",Intermediário
406,"[1, 3]",Iniciante
407,"[1, 3]",Especialista
408,"[1, 3]",Iniciante
409,"[1, 3]",Avançado
410,"[1, 3]",Avançado
411,"[1, 3]",Iniciante
412,"[1, 3]",Iniciante
413,"[1, 3]",Intermediário
414,"[1, 3]",Iniciante
415,"[1, 3]",Intermediário
416,"[1, 3]",Iniciante
417,"[1, 3]",Especialista
418,"[1, 3]",Iniciante
419,"[1, 3]",Avançado
420,"[1, 3]",Iniciante
421,"[1, 3]",Intermediário
422,"[1, 3]",Especialista
423,"[1, 3]",Intermediário
424,"[1, 3]",Avançado
425,"[1, 3]",Iniciante
426,"[1, 3]",Intermediário
427,"[1, 3]",Iniciante
428,"[1, 3]",Avançado
429,"[1, 3]",Avançado
430,"[1, 3]",Iniciante
431,"[1, 3]",Especialista
432,"[1, 3]",Intermediário
433,"[1, 3]",Especialista
434,"[1, 3]",Iniciante
435,"[1, 3]",Especialista
436,"[1, 3]",Intermediário
437,"[1, 3]",Avançado
438,"[1, 3]",Avançado
439,"[1, 3]",Iniciante
440,"[1, 3]",Especialista
441,"[1, 3]",Especialista
442,"[1, 3]",Especialista
443,"[1, 3]",Avançado
444,"[1, 3]",Intermediário
445,"[1, 3]",Especialista
446,"[1, 3]",Especialista
447,"[1, 3]",Iniciante
448,"[1, 3]",Intermediário
449,"[1, 3]",Iniciante
450,"[1, 3]",Iniciante
451,"[1, 3]",Avançado
452,"[1, 3]",Intermediário
453,"[1, 3]",Avançado
454,"[1, 3]",Iniciante
455,"[1, 3]",Intermediário
456,"[1, 3]",Iniciante
457,"[1, 3]",Avançado
458,"[1, 3]",Iniciante
459,"[1, 3]",Intermediário
460,"[1, 3]",Intermediário
461,"[1, 3]",Intermediário
462,"[1, 3]",Iniciante
463,"[1, 3]",Iniciante
464,"[1, 3]",Iniciante
465,"[1, 3]",Iniciante
466,"[1, 3]",Iniciante
467,"[1, 3]",Iniciante
468,"[1, 3]",Especialista
469,"[1, 3]",Iniciante
470,"[1, 3]",Iniciante
471,"[1, 3]",Iniciante
472,"[1, 3]",Iniciante
473,"[1, 3]",Especialista
474,"[1, 3]",Intermediário
475,"[1, 3]",Especialista
476,"[1, 3]",Intermediário
477,"[1, 3]",Intermediário
478,"[1, 3]",Intermediário
479,"[1, 3]",Avançado
480,"[1, 3]",Iniciante
481,"[1, 3]",Especialista
482,"[1, 3]",Intermediário
483,"[1, 3]",Especialista
484,"[1, 3]",Avançado
485,"[1, 3]",Especialista
486,"[1, 3]",Iniciante
487,"[1, 3]",Avançado
488,"[1, 3]",Especialista
489,"[1, 3]",Avançado
490,"[1, 3]",Iniciante
491,"[1, 3]",Avançado
492,"[1, 3]",Iniciante
493,"[1, 3]",Iniciante
494,"[1, 3]",Avançado
495,"[1, 3]",Intermediário
496,"[1, 3]",Especialista
497,"[1, 3]",Intermediário
498,"[1, 3]",Intermediário
499,"[1, 3]",Especialista
500,"[1, 3]",Especialista
501,"[1, 3]",Avançado
502,"[1, 3]",Intermediário
503,"[1, 3]",Avançado
504,"[1, 3]",Intermediário
505,"[1, 3]",Avançado
506,"[1, 3]",Intermediário
507,"[1, 3]",Iniciante
508,"[1, 3]",Especialista
509,"[1, 3]",Intermediário
510,"[1, 3]",Avançado
511,"[1, 3]",Avançado
512,"[1, 3]",Intermediário
513,"[1, 3]",Avançado
514,"[1, 3]",Especialista
515,"[1, 3]",Especialista
516,"[1, 3]",Intermediário
517,"[1, 3]",Avançado
518,"[1, 3]",Intermediário
519,"[1, 3]",Iniciante
520,"[1, 3]",Especialista
521,"[1, 3]",Intermediário
522,"[1, 3]",Avançado
523,"[1, 3]",Avançado
524,"[1, 3]",Iniciante
525,"[1, 3]",Especialista
526,"[1, 3]",Intermediário
527,"[1, 3]",Intermediário
528,"[1, 3]",Avançado
529,"[1, 3]",Especialista
530,"[1, 3]",Intermediário
531,"[1, 3]",Intermediário
532,"[1, 3]",Iniciante
533,"[1, 3]",Avançado
534,"[1, 3]",Iniciante
535,"[1, 3]",Iniciante
536,"[1, 3]",Avançado
537,"[1, 3]",Iniciante
538,"[1, 3]",Intermediário
539,"[1, 3]",Especialista
540,"[1, 3]",Iniciante
541,"[1, 3]",Especialista
542,"[1, 3]",Especialista
543,"[1, 3]",Intermediário
544,"[1, 3]",Especialista
545,"[1, 3]",Intermediário
546,"[1, 3]",Especialista
547,"[1, 3]",Especialista
548,"[1, 3]",Intermediário
549,"[1, 3]",Especialista
550,"[1, 3]",Intermediário
551,"[1, 3]",Iniciante
552,"[1, 3]",Avançado
553,"[1, 3]",Iniciante
554,"[1, 3]",Avançado
555,"[1, 3]",Intermediário
556,"[1, 3]",Intermediário
557,"[1, 3]",Especialista
558,"[1, 3]",Iniciante
559,"[1, 3]",Avançado
560,"[1, 3]",Especialista
561,"[1, 3]",Avançado
562,"[1, 3]",Especialista
563,"[1, 3]",Iniciante
564,"[1, 3]",Iniciante
565,"[1, 3]",Iniciante
566,"[1, 3]",Iniciante
567,"[1, 3]",Intermediário
568,"[1, 3]",Iniciante
569,"[1, 3]",Avançado
570,"[1, 3]",Intermediário
571,"[1, 3]",Especialista
572,"[1, 3]",Especialista
573,"[1, 3]",Intermediário
574,"[1, 3]",Especialista
575,"[1, 3]",Intermediário
576,"[1, 3]",Especialista
577,"[1, 3]",Iniciante
578,"[1, 3]",Especialista
579,"[1, 3]",Especialista
580,"[1, 3]",Intermediário
581,"[1, 3]",Avançado
582,"[1, 3]",Especialista
583,"[1, 3]",Intermediário
584,"[1, 3]",Especialista
585,"[1, 3]",Especialista
586,"[1, 3]",Iniciante
587,"[1, 3]",Intermediário
588,"[1, 3]",Avançado
589,"[1, 3]",Iniciante
590,"[1, 3]",Especialista
591,"[1, 3]",Iniciante
592,"[1, 3]",Avançado
593,"[1, 3]",Iniciante
594,"[1, 3]",Avançado
595,"[1, 3]",Especialista
596,"[1, 3]",Especialista
597,"[1, 3]",Especialista
598,"[1, 3]",Especialista
599,"[1, 3]",Intermediário
600,"[1, 3]",Avançado
601,"[1, 3]",Especialista
602,"[1, 3]",Avançado
603,"[1, 3]",Especialista
604,"[1, 3]",Iniciante
605,"[1, 3]",Especialista
606,"[1, 3]",Especialista
607,"[1, 3]",Avançado
608,"[1, 3]",Intermediário
609,"[1, 3]",Iniciante
610,"[1, 3]",Avançado
611,"[1, 3]",Intermediário
612,"[1, 3]",Especialista
613,"[1, 3]",Avançado
614,"[1, 3]",Avançado
615,"[1, 3]",Iniciante
616,"[1, 3]",Iniciante
617,"[1, 3]",Iniciante
618,"[1, 3]",Intermediário
619,"[1, 3]",Iniciante
620,"[1, 3]",Intermediário
621,"[1, 3]",Intermediário
622,"[1, 3]",Intermediário
623,"[1, 3]",Especialista
624,"[1, 3]",Intermediário
625,"[1, 3]",Iniciante
626,"[1, 3]",Intermediário
627,"[1, 3]",Especialista
628,"[1, 3]",Especialista
629,"[1, 3]",Especialista
630,"[1, 3]",Intermediário
631,"[1, 3]",Especialista
632,"[1, 3]",Avançado
633,"[1, 3]",Avançado
634,"[1, 3]",Especialista
635,"[1, 3]",Especialista
636,"[1, 3]",Intermediário
637,"[1, 3]",Especialista
638,"[1, 3]",Iniciante
639,"[1, 3]",Especialista
640,"[1, 3]",Especialista
641,"[1, 3]",Avançado
642,"[1, 3]",Intermediário
643,"[1, 3]",Intermediário
644,"[1, 3]",Iniciante
645,"[1, 3]",Iniciante
646,"[1, 3]",Iniciante
647,"[1, 3]",Intermediário
648,"[1, 3]",Intermediário
649,"[1, 3]",Iniciante
650,"[1, 3]",Intermediário
651,"[1, 3]",Especialista
652,"[1, 3]",Especialista
653,"[1, 3]",Avançado
654,"[1, 3]",Avançado
655,"[1, 3]",Avançado
656,"[1, 3]",Iniciante
657,"[1, 3]",Especialista
658,"[1, 3]",Avançado
659,"[1, 3]",Especialista
660,"[1, 3]",Intermediário
661,"[1, 3]",Intermediário
662,"[1, 3]",Especialista
663,"[1, 3]",Especialista
664,"[1, 3]",Iniciante
665,"[1, 3]",Iniciante
666,"[1, 3]",Especialista
667,"[1, 3]",Avançado
668,"[1, 3]",Iniciante
669,"[1, 3]",Especialista
670,"[1, 3]",Especialista
671,"[1, 3]",Intermediário
672,"[1, 3]",Iniciante
673,"[1, 3]",Iniciante
674,"[1, 3]",Iniciante
675,"[1, 3]",Especialista
676,"[1, 3]",Especialista
677,"[1, 3]",Iniciante
678,"[1, 3]",Iniciante
679,"[1, 3]",Avançado
680,"[1, 3]",Avançado
681,"[1, 3]",Intermediário
682,"[1, 3]",Especialista
683,"[1, 3]",Especialista
684,"[1, 3]",Avançado
685,"[1, 3]",Avançado
686,"[1, 3]",Intermediário
687,"[1, 3]",Iniciante
688,"[1, 3]",Especialista
689,"[1, 3]",Intermediário
690,"[1, 3]",Intermediário
691,"[1, 3]",Intermediário
692,"[1, 3]",Avançado
693,"[1, 3]",Iniciante
694,"[1, 3]",Avançado
695,"[1, 3]",Intermediário
696,"[1, 3]",Especialista
697,"[1, 3]",Especialista
698,"[1, 3]",Iniciante
699,"[1, 3]",Iniciante
700,"[1, 3]",Especialista
701,"[1, 3]",Iniciante
702,"[1, 3]",Especialista
703,"[1, 3]",Iniciante
704,"[1, 3]",Especialista
705,"[1, 3]",Intermediário
706,"[1, 3]",Intermediário
707,"[1, 3]",Iniciante
708,"[1, 3]",Intermediário
709,"[1, 3]",Especialista
710,"[1, 3]",Iniciante
711,"[1, 3]",Intermediário
712,"[1, 3]",Iniciante
713,"[1, 3]",Avançado
714,"[1, 3]",Intermediário
715,"[1, 3]",Intermediário
716,"[1, 3]",Especialista
717,"[1, 3]",Especialista
718,"[1, 3]",Intermediário
719,"[1, 3]",Avançado
720,"[1, 3]",Intermediário
721,"[1, 3]",Iniciante
722,"[1, 3]",Iniciante
723,"[1, 3]",Intermediário
724,"[1, 3]",Iniciante
725,"[1, 3]",Intermediário
726,"[1, 3]",Especialista
727,"[1, 3]",Avançado
728,"[1, 3]",Avançado
729,"[1, 3]",Intermediário
730,"[1, 3]",Iniciante
731,"[1, 3]",Intermediário
732,"[1, 3]",Especialista
733,"[1, 3]",Iniciante
734,"[1, 3]",Avançado
735,"[1, 3]",Iniciante
736,"[1, 3]",Iniciante
737,"[1, 3]",Iniciante
738,"[1, 3]",Intermediário
739,"[1, 3]",Intermediário
740,"[1, 3]",Iniciante
741,"[1, 3]",Especialista
742,"[1, 3]",Iniciante
743,"[1, 3]",Especialista
744,"[1, 3]",Especialista
745,"[1, 3]",Iniciante
746,"[1, 3]",Intermediário
747,"[1, 3]",Iniciante
748,"[1, 3]",Intermediário
749,"[1, 3]",Especialista
750,"[1, 3]",Iniciante
751,"[1, 3]",Avançado
752,"[1, 3]",Avançado
753,"[1, 3]",Iniciante
754,"[1, 3]",Iniciante
755,"[1, 3]",Iniciante
756,"[1, 3]",Avançado
757,"[1, 3]",Intermediário
758,"[1, 3]",Especialista
759,"[1, 3]",Iniciante
760,"[1, 3]",Avançado
761,"[1, 3]",Avançado
762,"[1, 3]",Especialista
763,"[1, 3]",Avançado
764,"[1, 3]",Iniciante
765,"[1, 3]",Avançado
766,"[1, 3]",Intermediário
767,"[1, 3]",Avançado
768,"[1, 3]",Especialista
769,"[1, 3]",Especialista
770,"[1, 3]",Avançado
771,"[1, 3]",Especialista
772,"[1, 3]",Especialista
773,"[1, 3]",Especialista
774,"[1, 3]",Especialista
775,"[1, 3]",Iniciante
776,"[1, 3]",Avançado
777,"[1, 3]",Avançado
778,"[1, 3]",Especialista
779,"[1, 3]",Avançado
780,"[1, 3]",Avançado
781,"[1, 3]",Avançado
782,"[1, 3]",Intermediário
783,"[1, 3]",Iniciante
784,"[1, 3]",Intermediário
785,"[1, 3]",Especialista
786,"[1, 3]",Especialista
787,"[1, 3]",Iniciante
788,"[1, 3]",Especialista
789,"[1, 3]",Iniciante
790,"[1, 3]",Iniciante
791,"[1, 3]",Iniciante
792,"[1, 3]",Especialista
793,"[1, 3]",Avançado
794,"[1, 3]",Avançado
795,"[1, 3]",Especialista
796,"[1, 3]",Iniciante
797,"[1, 3]",Intermediário
798,"[1, 3]",Iniciante
799,"[1, 3]",Especialista
800,"[1, 3]",Especialista
801,"[1, 3]",Especialista
802,"[1, 3]",Especialista
803,"[1, 3]",Avançado
804,"[1, 3]",Especialista
805,"[1, 3]",Especialista
806,"[1, 3]",Intermediário
807,"[1, 3]",Especialista
808,"[1, 3]",Iniciante
809,"[1, 3]",Intermediário
810,"[1, 3]",Intermediário
811,"[1, 3]",Intermediário
812,"[1, 3]",Intermediário
813,"[1, 3]",Avançado
814,"[1, 3]",Especialista
815,"[1, 3]",Iniciante
816,"[1, 3]",Avançado
817,"[1, 3]",Especialista
818,"[1, 3]",Avançado
819,"[1, 3]",Especialista
820,"[1, 3]",Especialista
821,"[1, 3]",Intermediário
822,"[1, 3]",Iniciante
823,"[1, 3]",Iniciante
824,"[1, 3]",Especialista
825,"[1, 3]",Especialista
826,"[1, 3]",Avançado
827,"[1, 3]",Intermediário
828,"[1, 3]",Intermediário
829,"[1, 3]",Intermediário
830,"[1, 3]",Especialista
831,"[1, 3]",Avançado
832,"[1, 3]",Iniciante
833,"[1, 3]",Iniciante
834,"[1, 3]",Especialista
835,"[1, 3]",Iniciante
836,"[1, 3]",Avançado
837,"[1, 3]",Avançado
838,"[1, 3]",Intermediário
839,"[1, 3]",Avançado
840,"[1, 3]",Especialista
841,"[1, 3]",Intermediário
842,"[1, 3]",Especialista
843,"[1, 3]",Intermediário
844,"[1, 3]",Especialista
845,"[1, 3]",Intermediário
846,"[1, 3]",Iniciante
847,"[1, 3]",Iniciante
848,"[1, 3]",Especialista
849,"[1, 3]",Avançado
850,"[1, 3]",Especialista
851,"[1, 3]",Especialista
852,"[1, 3]",Avançado
853,"[1, 3]",Especialista
854,"[1, 3]",Especialista
855,"[1, 3]",Intermediário
856,"[1, 3]",Intermediário
857,"[1, 3]",Intermediário
858,"[1, 3]",Especialista
859,"[1, 3]",Avançado
860,"[1, 3]",Intermediário
861,"[1, 3]",Intermediário
862,"[1, 3]",Intermediário
863,"[1, 3]",Avançado
864,"[1, 3]",Iniciante
865,"[1, 3]",Iniciante
866,"[1, 3]",Intermediário
867,"[1, 3]",Intermediário
868,"[1, 3]",Iniciante
869,"[1, 3]",Avançado
870,"[1, 3]",Intermediário
871,"[1, 3]",Avançado
872,"[1, 3]",Intermediário
873,"[1, 3]",Especialista
874,"[1, 3]",Intermediário
875,"[1, 3]",Iniciante
876,"[1, 3]",Iniciante
877,"[1, 3]",Especialista
878,"[1, 3]",Avançado
879,"[1, 3]",Avançado
880,"[1, 3]",Intermediário
881,"[1, 3]",Iniciante
882,"[1, 3]",Avançado
883,"[1, 3]",Iniciante
884,"[1, 3]",Especialista
885,"[1, 3]",Intermediário
886,"[1, 3]",Iniciante
887,"[1, 3]",Iniciante
888,"[1, 3]",Intermediário
889,"[1, 3]",Avançado
890,"[1, 3]",Especialista
891,"[1, 3]",Iniciante
892,"[1, 3]",Intermediário
893,"[1, 3]",Iniciante
894,"[1, 3]",Iniciante
895,"[1, 3]",Iniciante
896,"[1, 3]",Especialista
897,"[1, 3]",Iniciante
898,"[1, 3]",Intermediário
899,"[1, 3]",Iniciante
900,"[1, 3]",Especialista
901,"[1, 3]",Iniciante
902,"[1, 3]",Avançado
903,"[1, 3]",Intermediário
904,"[1, 3]",Intermediário
905,"[1, 3]",Avançado
906,"[1, 3]",Especialista
907,"[1, 3]",Intermediário
908,"[1, 3]",Iniciante
909,"[1, 3]",Especialista
910,"[1, 3]",Avançado
911,"[1, 3]",Especialista
912,"[1, 3]",Iniciante
913,"[1, 3]",Intermediário
914,"[1, 3]",Iniciante
915,"[1, 3]",Avançado
916,"[1, 3]",Intermediário
917,"[1, 3]",Avançado
918,"[1, 3]",Iniciante
919,"[1, 3]",Avançado
920,"[1, 3]",Iniciante
921,"[1, 3]",Avançado
922,"[1, 3]",Avançado
923,"[1, 3]",Intermediário
924,"[1, 3]",Iniciante
925,"[1, 3]",Iniciante
926,"[1, 3]",Iniciante
927,"[1, 3]",Avançado
928,"[1, 3]",Iniciante
929,"[1, 3]",Especialista
930,"[1, 3]",Avançado
931,"[1, 3]",Avançado
932,"[1, 3]",Intermediário
933,"[1, 3]",Especialista
934,"[1, 3]",Avançado
935,"[1, 3]",Intermediário
936,"[1, 3]",Avançado
937,"[1, 3]",Intermediário
938,"[1, 3]",Iniciante
939,"[1, 3]",Avançado
940,"[1, 3]",Avançado
941,"[1, 3]",Avançado
942,"[1, 3]",Especialista
943,"[1, 3]",Especialista
944,"[1, 3]",Avançado
945,"[1, 3]",Especialista
946,"[1, 3]",Avançado
947,"[1, 3]",Intermediário
948,"[1, 3]",Especialista
949,"[1, 3]",Iniciante
950,"[1, 3]",Iniciante
951,"[1, 3]",Intermediário
952,"[1, 3]",Iniciante
953,"[1, 3]",Iniciante
954,"[1, 3]",Intermediário
955,"[1, 3]",Especialista
956,"[1, 3]",Iniciante
957,"[1, 3]",Iniciante
958,"[1, 3]",Especialista
959,"[1, 3]",Iniciante
960,"[1, 3]",Intermediário
961,"[1, 3]",Especialista
962,"[1, 3]",Iniciante
963,"[1, 3]",Iniciante
964,"[1, 3]",Avançado
965,"[1, 3]",Especialista
966,"[1, 3]",Avançado
967,"[1, 3]",Intermediário
968,"[1, 3]",Iniciante
969,"[1, 3]",Especialista
970,"[1, 3]",Avançado
971,"[1, 3]",Avançado
972,"[1, 3]",Iniciante
973,"[1, 3]",Avançado
974,"[1, 3]",Especialista
975,"[1, 3]",Intermediário
976,"[1, 3]",Avançado
977,"[1, 3]",Especialista
978,"[1, 3]",Especialista
979,"[1, 3]",Avançado
980,"[1, 3]",Especialista
981,"[1, 3]",Iniciante
982,"[1, 3]",Especialista
983,"[1, 3]",Iniciante
984,"[1, 3]",Especialista
985,"[1, 3]",Especialista
986,"[1, 3]",Iniciante
987,"[1, 3]",Intermediário
988,"[1, 3]",Iniciante
989,"[1, 3]",Intermediário
990,"[1, 3]",Especialista
991,"[1, 3]",Iniciante
992,"[1, 3]",Iniciante
993,"[1, 3]",Especialista
994,"[1, 3]",Intermediário
995,"[1, 3]",Avançado
996,"[1, 3]",Especialista
997,"[1, 3]",Iniciante
998,"[1, 3]",Especialista
999,"[1, 3]",Iniciante
1000,"[1, 3]",Especialista
1001,"[1, 3]",Especialista
1002,"[1, 3]",Avançado
1003,"[1, 3]",Intermediário
1004,"[1, 3]",Intermediário
1005,"[1, 3]",Especialista
1006,"[1, 3]",Iniciante
1007,"[1, 3]",Intermediário
1008,"[1, 3]",Intermediário
1009,"[1, 3]",Iniciante
1010,"[1, 3]",Iniciante
1011,"[1, 3]",Intermediário
1012,"[1, 3]",Avançado
1013,"[1, 3]",Intermediário
1014,"[1, 3]",Intermediário
1015,"[1, 3]",Intermediário
1016,"[1, 3]",Iniciante
1017,"[1, 3]",Avançado
1018,"[1, 3]",Avançado
1019,"[1, 3]",Intermediário
1020,"[1, 3]",Iniciante
1021,"[1, 3]",Especialista
1022,"[1, 3]",Especialista
1023,"[1, 3]",Avançado
1024,"[1, 3]",Intermediário
1025,"[1, 3]",Especialista
1026,"[1, 3]",Iniciante
1027,"[1, 3]",Avançado
1028,"[1, 3]",Avançado
1029,"[1, 3]",Iniciante
1030,"[1, 3]",Avançado
1031,"[1, 3]",Avançado
1032,"[1, 3]",Iniciante
1033,"[1, 3]",Intermediário
1034,"[1, 3]",Iniciante
1035,"[1, 3]",Intermediário
1036,"[1, 3]",Avançado
1037,"[1, 3]",Especialista
1038,"[1, 3]",Avançado
1039,"[1, 3]",Especialista
1040,"[1, 3]",Iniciante
1041,"[1, 3]",Intermediário
1042,"[1, 3]",Intermediário
1043,"[1, 3]",Avançado
1044,"[1, 3]",Avançado
1045,"[1, 3]",Especialista
1046,"[1, 3]",Iniciante
1047,"[1, 3]",Avançado
1048,"[1, 3]",Intermediário
1049,"[1, 3]",Iniciante
1050,"[1, 3]",Especialista
1051,"[1, 3]",Especialista
1052,"[1, 3]",Especialista
1053,"[1, 3]",Especialista
1054,"[1, 3]",Especialista
1055,"[1, 3]",Iniciante
1056,"[1, 3]",Especialista
1057,"[1, 3]",Iniciante
1058,"[1, 3]",Especialista
1059,"[1, 3]",Avançado
1060,"[1, 3]",Avançado
1061,"[1, 3]",Iniciante
1062,"[1, 3]",Avançado
1063,"[1, 3]",Iniciante
1064,"[1, 3]",Avançado
1065,"[1, 3]",Intermediário
1066,"[1, 3]",Iniciante
1067,"[1, 3]",Avançado
1068,"[1, 3]",Iniciante
1069,"[1, 3]",Intermediário
1070,"[1, 3]",Especialista
1071,"[1, 3]",Intermediário
1072,"[1, 3]",Intermediário
1073,"[1, 3]",Especialista
1074,"[1, 3]",Avançado
1075,"[1, 3]",Especialista
1076,"[1, 3]",Intermediário
1077,"[1, 3]",Especialista
1078,"[1, 3]",Intermediário
1079,"[1, 3]",Especialista
1080,"[1, 3]",Intermediário
1081,"[1, 3]",Intermediário
1082,"[1, 3]",Especialista
1083,"[1, 3]",Iniciante
1084,"[1, 3]",Especialista
1085,"[1, 3]",Intermediário
1086,"[1, 3]",Iniciante
1087,"[1, 3]",Intermediário
1088,"[1, 3]",Avançado
1089,"[1, 3]",Especialista
1090,"[1, 3]",Intermediário
1091,"[1, 3]",Especialista
1092,"[1, 3]",Intermediário
1093,"[1, 3]",Especialista
1094,"[1, 3]",Avançado
1095,"[1, 3]",Especialista
1096,"[1, 3]",Avançado
1097,"[1, 3]",Especialista
1098,"[1, 3]",Iniciante
1099,"[1, 3]",Especialista
1100,"[1, 3]",Especialista
1101,"[1, 3]",Especialista
1102,"[1, 3]",Avançado
1103,"[1, 3]",Intermediário
1104,"[1, 3]",Avançado
1105,"[1, 3]",Especialista
1106,"[1, 3]",Avançado
1107,"[1, 3]",Iniciante
1108,"[1, 3]",Iniciante
1109,"[1, 3]",Intermediário
1110,"[1, 3]",Avançado
1111,"[1, 3]",Iniciante
1112,"[1, 3]",Especialista
1113,"[1, 3]",Iniciante
1114,"[1, 3]",Avançado
1115,"[1, 3]",Avançado
1116,"[1, 3]",Especialista
1117,"[1, 3]",Especialista
1118,"[1, 3]",Avançado
1119,"[1, 3]",Especialista
1120,"[1, 3]",Iniciante
1121,"[1, 3]",Avançado
1122,"[1, 3]",Iniciante
1123,"[1, 3]",Intermediário
1124,"[1, 3]",Intermediário
1125,"[1, 3]",Avançado
1126,"[1, 3]",Avançado
1127,"[1, 3]",Especialista
1128,"[1, 3]",Iniciante
1129,"[1, 3]",Intermediário
1130,"[1, 3]",Avançado
1131,"[1, 3]",Iniciante
1132,"[1, 3]",Iniciante
1133,"[1, 3]",Especialista
1134,"[1, 3]",Avançado
1135,"[1, 3]",Iniciante
1136,"[1, 3]",Intermediário
1137,"[1, 3]",Especialista
1138,"[1, 3]",Avançado
1139,"[1, 3]",Intermediário
1140,"[1, 3]",Iniciante
1141,"[1, 3]",Especialista
1142,"[1, 3]",Especialista
1143,"[1, 3]",Especialista
1144,"[1, 3]",Avançado
1145,"[1, 3]",Especialista
1146,"[1, 3]",Iniciante
1147,"[1, 3]",Avançado
1148,"[1, 3]",Intermediário
1149,"[1, 3]",Intermediário
1150,"[1, 3]",Intermediário
1151,"[1, 3]",Avançado
1152,"[1, 3]",Iniciante
1153,"[1, 3]",Iniciante
1154,"[1, 3]",Especialista
1155,"[1, 3]",Iniciante
1156,"[1, 3]",Intermediário
1157,"[1, 3]",Especialista
1158,"[1, 3]",Especialista
1159,"[1, 3]",Avançado
1160,"[1, 3]",Avançado
1161,"[1, 3]",Especialista
1162,"[1, 3]",Intermediário
1163,"[1, 3]",Especialista
1164,"[1, 3]",Avançado
1165,"[1, 3]",Iniciante
1166,"[1, 3]",Iniciante
1167,"[1, 3]",Intermediário
1168,"[1, 3]",Intermediário
1169,"[1, 3]",Avançado
1170,"[1, 3]",Iniciante
1171,"[1, 3]",Especialista
1172,"[1, 3]",Especialista
1173,"[1, 3]",Especialista
1174,"[1, 3]",Avançado
1175,"[1, 3]",Iniciante
1176,"[1, 3]",Especialista
1177,"[1, 3]",Iniciante
1178,"[1, 3]",Especialista
1179,"[1, 3]",Intermediário
1180,"[1, 3]",Avançado
1181,"[1, 3]",Intermediário
1182,"[1, 3]",Especialista
1183,"[1, 3]",Avançado
1184,"[1, 3]",Especialista
1185,"[1, 3]",Intermediário
1186,"[1, 3]",Iniciante
1187,"[1, 3]",Especialista
1188,"[1, 3]",Iniciante
1189,"[1, 3]",Iniciante
1190,"[1, 3]",Avançado
1191,"[1, 3]",Iniciante
1192,"[1, 3]",Especialista
1193,"[1, 3]",Iniciante
1194,"[1, 3]",Avançado
1195,"[1, 3]",Especialista
1196,"[1, 3]",Intermediário
1197,"[1, 3]",Intermediário
1198,"[1, 3]",Avançado
1199,"[1, 3]",Intermediário
1200,"[1, 3]",Intermediário
1201,"[1, 3]",Especialista
1202,"[1, 3]",Especialista
1203,"[1, 3]",Avançado
1204,"[1, 3]",Iniciante
1205,"[1, 3]",Especialista
1206,"[1, 3]",Intermediário
1207,"[1, 3]",Especialista
1208,"[1, 3]",Avançado
1209,"[1, 3]",Avançado
1210,"[1, 3]",Especialista
1211,"[1, 3]",Especialista
1212,"[1, 3]",Avançado
1213,"[1, 3]",Iniciante
1214,"[1, 3]",Especialista
1215,"[1, 3]",Especialista
1216,"[1, 3]",Iniciante
1217,"[1, 3]",Especialista
1218,"[1, 3]",Especialista
1219,"[1, 3]",Intermediário
1220,"[1, 3]",Especialista
1221,"[1, 3]",Intermediário
1222,"[1, 3]",Especialista
1223,"[1, 3]",Avançado
1224,"[1, 3]",Iniciante
1225,"[1, 3]",Iniciante
1226,"[1, 3]",Avançado
1227,"[1, 3]",Intermediário
1228,"[1, 3]",Avançado
1229,"[1, 3]",Intermediário
1230,"[1, 3]",Iniciante
1231,"[1, 3]",Avançado
1232,"[1, 3]",Intermediário
1233,"[1, 3]",Iniciante
1234,"[1, 3]",Iniciante
1235,"[1, 3]",Especialista
1236,"[1, 3]",Avançado
1237,"[1, 3]",Avançado
1238,"[1, 3]",Iniciante
1239,"[1, 3]",Especialista
1240,"[1, 3]",Avançado
1241,"[1, 3]",Avançado
1242,"[1, 3]",Especialista
1243,"[1, 3]",Especialista
1244,"[1, 3]",Especialista
1245,"[1, 3]",Intermediário
1246,"[1, 3]",Intermediário
1247,"[1, 3]",Avançado
1248,"[1, 3]",Especialista
1249,"[1, 3]",Avançado
1250,"[1, 3]",Especialista
1251,"[1, 3]",Especialista
1252,"[1, 3]",Iniciante
1253,"[1, 3]",Especialista
1254,"[1, 3]",Intermediário
1255,"[1, 3]",Iniciante
1256,"[1, 3]",Intermediário
1257,"[1, 3]",Intermediário
1258,"[1, 3]",Avançado
1259,"[1, 3]",Avançado
1260,"[1, 3]",Especialista
1261,"[1, 3]",Especialista
1262,"[1, 3]",Iniciante
1263,"[1, 3]",Iniciante
1264,"[1, 3]",Especialista
1265,"[1, 3]",Especialista
1266,"[1, 3]",Intermediário
1267,"[1, 3]",Especialista
1268,"[1, 3]",Especialista
1269,"[1, 3]",Especialista
1270,"[1, 3]",Especialista
1271,"[1, 3]",Iniciante
1272,"[1, 3]",Especialista
1273,"[1, 3]",Iniciante
1274,"[1, 3]",Iniciante
1275,"[1, 3]",Especialista
1276,"[1, 3]",Iniciante
1277,"[1, 3]",Avançado
1278,"[1, 3]",Intermediário
1279,"[1, 3]",Iniciante
1280,"[1, 3]",Intermediário
1281,"[1, 3]",Avançado
1282,"[1, 3]",Iniciante
1283,"[1, 3]",Avançado
1284,"[1, 3]",Especialista
1285,"[1, 3]",Especialista
1286,"[1, 3]",Especialista
1287,"[1, 3]",Avançado
1288,"[1, 3]",Especialista
1289,"[1, 3]",Avançado
1290,"[1, 3]",Avançado
1291,"[1, 3]",Iniciante
1292,"[1, 3]",Especialista
1293,"[1, 3]",Especialista
1294,"[1, 3]",Intermediário
1295,"[1, 3]",Iniciante
1296,"[1, 3]",Avançado
1297,"[1, 3]",Avançado
1298,"[1, 3]",Iniciante
1299,"[1, 3]",Intermediário
1300,"[1, 3]",Avançado
1301,"[1, 3]",Avançado
1302,"[1, 3]",Iniciante
1303,"[1, 3]",Especialista
1304,"[1, 3]",Iniciante
1305,"[1, 3]",Iniciante
1306,"[1, 3]",Avançado
1307,"[1, 3]",Iniciante
1308,"[1, 3]",Iniciante
1309,"[1, 3]",Intermediário
1310,"[1, 3]",Avançado
1311,"[1, 3]",Especialista
1312,"[1, 3]",Especialista
1313,"[1, 3]",Intermediário
1314,"[1, 3]",Especialista
1315,"[1, 3]",Intermediário
1316,"[1, 3]",Iniciante
1317,"[1, 3]",Intermediário
1318,"[1, 3]",Iniciante
1319,"[1, 3]",Iniciante
1320,"[1, 3]",Intermediário
1321,"[1, 3]",Especialista
1322,"[1, 3]",Iniciante
1323,"[1, 3]",Avançado
1324,"[1, 3]",Avançado
1325,"[1, 3]",Especialista
1326,"[1, 3]",Avançado
1327,"[1, 3]",Avançado
1328,"[1, 3]",Intermediário
1329,"[1, 3]",Especialista
1330,"[1, 3]",Avançado
1331,"[1, 3]",Especialista
1332,"[1, 3]",Iniciante
1333,"[1, 3]",Iniciante
1334,"[1, 3]",Especialista
1335,"[1, 3]",Especialista
1336,"[1, 3]",Intermediário
1337,"[1, 3]",Intermediário
1338,"[1, 3]",Intermediário
1339,"[1, 3]",Iniciante
1340,"[1, 3]",Avançado
1341,"[1, 3]",Especialista
1342,"[1, 3]",Intermediário
1343,"[1, 3]",Avançado
1344,"[1, 3]",Intermediário
1345,"[1, 3]",Intermediário
1346,"[1, 3]",Avançado
1347,"[1, 3]",Especialista
1348,"[1, 3]",Avançado
1349,"[1, 3]",Intermediário
1350,"[1, 3]",Iniciante
1351,"[1, 3]",Intermediário
1352,"[1, 3]",Avançado
1353,"[1, 3]",Especialista
1354,"[1, 3]",Intermediário
1355,"[1, 3]",Iniciante
1356,"[1, 3]",Intermediário
1357,"[1, 3]",Iniciante
1358,"[1, 3]",Iniciante
1359,"[1, 3]",Avançado
1360,"[1, 3]",Intermediário
1361,"[1, 3]",Avançado
1362,"[1, 3]",Especialista
1363,"[1, 3]",Iniciante
1364,"[1, 3]",Intermediário
1365,"[1, 3]",Avançado
1366,"[1, 3]",Intermediário
1367,"[1, 3]",Intermediário
1368,"[1, 3]",Intermediário
1369,"[1, 3]",Especialista
1370,"[1, 3]",Especialista
1371,"[1, 3]",Intermediário
1372,"[1, 3]",Iniciante
1373,"[1, 3]",Avançado
1374,"[1, 3]",Intermediário
1375,"[1, 3]",Iniciante
1376,"[1, 3]",Especialista
1377,"[1, 3]",Intermediário
1378,"[1, 3]",Especialista
1379,"[1, 3]",Iniciante
1380,"[1, 3]",Intermediário
1381,"[1, 3]",Iniciante
1382,"[1, 3]",Intermediário
1383,"[1, 3]",Avançado
1384,"[1, 3]",Intermediário
1385,"[1, 3]",Intermediário
1386,"[1, 3]",Iniciante
1387,"[1, 3]",Intermediário
1388,"[1, 3]",Especialista
1389,"[1, 3]",Especialista
1390,"[1, 3]",Especialista
1391,"[1, 3]",Intermediário
1392,"[1, 3]",Especialista
1393,"[1, 3]",Especialista
1394,"[1, 3]",Iniciante
1395,"[1, 3]",Avançado
1396,"[1, 3]",Intermediário
1397,"[1, 3]",Iniciante
1398,"[1, 3]",Especialista
1399,"[1, 3]",Avançado
1400,"[1, 3]",Avançado
1401,"[1, 3]",Avançado
1402,"[1, 3]",Especialista
1403,"[1, 3]",Intermediário
1404,"[1, 3]",Iniciante
1405,"[1, 3]",Especialista
1406,"[1, 3]",Especialista
1407,"[1, 3]",Avançado
1408,"[1, 3]",Intermediário
1409,"[1, 3]",Especialista
1410,"[1, 3]",Especialista
1411,"[1, 3]",Especialista
1412,"[1, 3]",Iniciante
1413,"[1, 3]",Avançado
1414,"[1, 3]",Especialista
1415,"[1, 3]",Avançado
1416,"[1, 3]",Avançado
1417,"[1, 3]",Especialista
1418,"[1, 3]",Avançado
1419,"[1, 3]",Avançado
1420,"[1, 3]",Intermediário
1421,"[1, 3]",Avançado
1422,"[1, 3]",Avançado
1423,"[1, 3]",Intermediário
1424,"[1, 3]",Intermediário
1425,"[1, 3]",Iniciante
1426,"[1, 3]",Iniciante
1427,"[1, 3]",Especialista
1428,"[1, 3]",Especialista
1429,"[1, 3]",Avançado
1430,"[1, 3]",Avançado
1431,"[1, 3]",Especialista
1432,"[1, 3]",Avançado
1433,"[1, 3]",Iniciante
1434,"[1, 3]",Iniciante
1435,"[1, 3]",Especialista
1436,"[1, 3]",Especialista
1437,"[1, 3]",Especialista
1438,"[1, 3]",Intermediário
1439,"[1, 3]",Intermediário
1440,"[1, 3]",Especialista
1441,"[1, 3]",Intermediário
1442,"[1, 3]",Avançado
1443,"[1, 3]",Iniciante
1444,"[1, 3]",Avançado
1445,"[1, 3]",Avançado
1446,"[1, 3]",Avançado
1447,"[1, 3]",Especialista
1448,"[1, 3]",Intermediário
1449,"[1, 3]",Avançado
1450,"[1, 3]",Iniciante
1451,"[1, 3]",Especialista
1452,"[1, 3]",Especialista
1453,"[1, 3]",Intermediário
1454,"[1, 3]",Iniciante
1455,"[1, 3]",Iniciante
1456,"[1, 3]",Iniciante
1457,"[1, 3]",Especialista
1458,"[1, 3]",Especialista
1459,"[1, 3]",Avançado
1460,"[1, 3]",Especialista
1461,"[1, 3]",Iniciante
1462,"[1, 3]",Especialista
1463,"[1, 3]",Avançado
1464,"[1, 3]",Intermediário
1465,"[1, 3]",Intermediário
1466,"[1, 3]",Intermediário
1467,"[1, 3]",Intermediário
1468,"[1, 3]",Avançado
1469,"[1, 3]",Iniciante
1470,"[1, 3]",Intermediário
1471,"[1, 3]",Especialista
1472,"[1, 3]",Especialista
1473,"[1, 3]",Intermediário
1474,"[1, 3]",Especialista
1475,"[1, 3]",Iniciante
1476,"[1, 3]",Intermediário
1477,"[1, 3]",Iniciante
1478,"[1, 3]",Especialista
1479,"[1, 3]",Avançado
1480,"[1, 3]",Avançado
1481,"[1, 3]",Intermediário
1482,"[1, 3]",Especialista
1483,"[1, 3]",Avançado
1484,"[1, 3]",Avançado
1485,"[1, 3]",Iniciante
1486,"[1, 3]",Avançado
1487,"[1, 3]",Avançado
1488,"[1, 3]",Avançado
1489,"[1, 3]",Iniciante
1490,"[1, 3]",Especialista
1491,"[1, 3]",Avançado
1492,"[1, 3]",Iniciante
1493,"[1, 3]",Iniciante
1494,"[1, 3]",Intermediário
1495,"[1, 3]",Iniciante
1496,"[1, 3]",Especialista
1497,"[1, 3]",Intermediário
1498,"[1, 3]",Avançado
1499,"[1, 3]",Intermediário
1500,"[1, 3]",Avançado
1501,"[1, 3]",Avançado
1502,"[1, 3]",Especialista
1503,"[1, 3]",Iniciante
1504,"[1, 3]",Intermediário
1505,"[1, 3]",Especialista
1506,"[1, 3]",Iniciante
1507,"[1, 3]",Avançado
1508,"[1, 3]",Iniciante
1509,"[1, 3]",Intermediário
1510,"[1, 3]",Especialista
1511,"[1, 3]",Avançado
1512,"[1, 3]",Iniciante
1513,"[1, 3]",Avançado
1514,"[1, 3]",Iniciante
1515,"[1, 3]",Iniciante
1516,"[1, 3]",Intermediário
1517,"[1, 3]",Intermediário
1518,"[1, 3]",Iniciante
1519,"[1, 3]",Especialista
1520,"[1, 3]",Iniciante
1521,"[1, 3]",Avançado
1522,"[1, 3]",Especialista
1523,"[1, 3]",Intermediário
1524,"[1, 3]",Especialista
1525,"[1, 3]",Intermediário
1526,"[1, 3]",Iniciante
1527,"[1, 3]",Intermediário
1528,"[1, 3]",Intermediário
1529,"[1, 3]",Avançado
1530,"[1, 3]",Intermediário
1531,"[1, 3]",Especialista
1532,"[1, 3]",Intermediário
1533,"[1, 3]",Especialista
1534,"[1, 3]",Iniciante
1535,"[1, 3]",Especialista
1536,"[1, 3]",Avançado
1537,"[1, 3]",Intermediário
1538,"[1, 3]",Especialista
1539,"[1, 3]",Intermediário
1540,"[1, 3]",Intermediário
1541,"[1, 3]",Intermediário
1542,"[1, 3]",Avançado
1543,"[1, 3]",Especialista
1544,"[1, 3]",Iniciante
1545,"[1, 3]",Intermediário
1546,"[1, 3]",Especialista
1547,"[1, 3]",Intermediário
1548,"[1, 3]",Avançado
1549,"[1, 3]",Avançado
1550,"[1, 3]",Iniciante
1551,"[1, 3]",Avançado
1552,"[1, 3]",Iniciante
1553,"[1, 3]",Intermediário
1554,"[1, 3]",Especialista
1555,"[1, 3]",Especialista
1556,"[1, 3]",Avançado
1557,"[1, 3]",Avançado
1558,"[1, 3]",Especialista
1559,"[1, 3]",Intermediário
1560,"[1, 3]",Avançado
1561,"[1, 3]",Iniciante
1562,"[1, 3]",Especialista
1563,"[1, 3]",Intermediário
1564,"[1, 3]",Especialista
1565,"[1, 3]",Avançado
1566,"[1, 3]",Avançado
1567,"[1, 3]",Especialista
1568,"[1, 3]",Especialista
1569,"[1, 3]",Especialista
1570,"[1, 3]",Intermediário
1571,"[1, 3]",Especialista
1572,"[1, 3]",Especialista
1573,"[1, 3]",Intermediário
1574,"[1, 3]",Iniciante
1575,"[1, 3]",Avançado
1576,"[1, 3]",Especialista
1577,"[1, 3]",Iniciante
1578,"[1, 3]",Avançado
1579,"[1, 3]",Avançado
1580,"[1, 3]",Especialista
1581,"[1, 3]",Avançado
1582,"[1, 3]",Iniciante
1583,"[1, 3]",Avançado
1584,"[1, 3]",Avançado
1585,"[1, 3]",Avançado
1586,"[1, 3]",Intermediário
1587,"[1, 3]",Iniciante
1588,"[1, 3]",Intermediário
1589,"[1, 3]",Avançado
1590,"[1, 3]",Especialista
1591,"[1, 3]",Intermediário
1592,"[1, 3]",Intermediário
1593,"[1, 3]",Iniciante
1594,"[1, 3]",Avançado
1595,"[1, 3]",Intermediário
1596,"[1, 3]",Avançado
1597,"[1, 3]",Especialista
1598,"[1, 3]",Intermediário
1599,"[1, 3]",Iniciante
1600,"[1, 3]",Iniciante
1601,"[1, 3]",Iniciante
1602,"[1, 3]",Especialista
1603,"[1, 3]",Avançado
1604,"[1, 3]",Iniciante
1605,"[1, 3]",Iniciante
1606,"[1, 3]",Iniciante
1607,"[1, 3]",Avançado
1608,"[1, 3]",Iniciante
1609,"[1, 3]",Intermediário
1610,"[1, 3]",Avançado
1611,"[1, 3]",Intermediário
1612,"[1, 3]",Avançado
1613,"[1, 3]",Avançado
1614,"[1, 3]",Intermediário
1615,"[1, 3]",Especialista
1616,"[1, 3]",Intermediário
1617,"[1, 3]",Avançado
1618,"[1, 3]",Intermediário
1619,"[1, 3]",Iniciante
1620,"[1, 3]",Especialista
1621,"[1, 3]",Intermediário
1622,"[1, 3]",Avançado
1623,"[1, 3]",Intermediário
1624,"[1, 3]",Iniciante
1625,"[1, 3]",Intermediário
1626,"[1, 3]",Especialista
1627,"[1, 3]",Avançado
1628,"[1, 3]",Especialista
1629,"[1, 3]",Especialista
1630,"[1, 3]",Iniciante
1631,"[1, 3]",Iniciante
1632,"[1, 3]",Iniciante
1633,"[1, 3]",Avançado
1634,"[1, 3]",Iniciante
1635,"[1, 3]",Intermediário
1636,"[1, 3]",Avançado
1637,"[1, 3]",Especialista
1638,"[1, 3]",Especialista
1639,"[1, 3]",Iniciante
1640,"[1, 3]",Intermediário
1641,"[1, 3]",Intermediário
1642,"[1, 3]",Avançado
1643,"[1, 3]",Iniciante
1644,"[1, 3]",Iniciante
1645,"[1, 3]",Iniciante
1646,"[1, 3]",Especialista
1647,"[1, 3]",Intermediário
1648,"[1, 3]",Iniciante
1649,"[1, 3]",Intermediário
1650,"[1, 3]",Intermediário
1651,"[1, 3]",Especialista
1652,"[1, 3]",Intermediário
1653,"[1, 3]",Intermediário
1654,"[1, 3]",Iniciante
1655,"[1, 3]",Intermediário
1656,"[1, 3]",Intermediário
1657,"[1, 3]",Especialista
1658,"[1, 3]",Avançado
1659,"[1, 3]",Avançado
1660,"[1, 3]",Intermediário
1661,"[1, 3]",Intermediário
1662,"[1, 3]",Avançado
1663,"[1, 3]",Especialista
1664,"[1, 3]",Avançado
1665,"[1, 3]",Avançado
1666,"[1, 3]",Iniciante
1667,"[1, 3]",Especialista
1668,"[1, 3]",Avançado
1669,"[1, 3]",Avançado
1670,"[1, 3]",Intermediário
1671,"[1, 3]",Especialista
1672,"[1, 3]",Especialista
1673,"[1, 3]",Intermediário
1674,"[1, 3]",Avançado
1675,"[1, 3]",Iniciante
1676,"[1, 3]",Avançado
1677,"[1, 3]",Iniciante
1678,"[1, 3]",Avançado
1679,"[1, 3]",Intermediário
1680,"[1, 3]",Avançado
1681,"[1, 3]",Avançado
1682,"[1, 3]",Especialista
1683,"[1, 3]",Avançado
1684,"[1, 3]",Intermediário
1685,"[1, 3]",Avançado
1686,"[1, 3]",Intermediário
1687,"[1, 3]",Especialista
1688,"[1, 3]",Intermediário
1689,"[1, 3]",Avançado
1690,"[1, 3]",Especialista
1691,"[1, 3]",Especialista
1692,"[1, 3]",Intermediário
1693,"[1, 3]",Especialista
1694,"[1, 3]",Avançado
1695,"[1, 3]",Intermediário
1696,"[1, 3]",Avançado
1697,"[1, 3]",Iniciante
1698,"[1, 3]",Especialista
1699,"[1, 3]",Iniciante
1700,"[1, 3]",Iniciante
1701,"[1, 3]",Intermediário
1702,"[1, 3]",Intermediário
1703,"[1, 3]",Especialista
1704,"[1, 3]",Avançado
1705,"[1, 3]",Avançado
1706,"[1, 3]",Iniciante
1707,"[1, 3]",Avançado
1708,"[1, 3]",Especialista
1709,"[1, 3]",Iniciante
1710,"[1, 3]",Iniciante
1711,"[1, 3]",Avançado
1712,"[1, 3]",Iniciante
1713,"[1, 3]",Iniciante
1714,"[1, 3]",Avançado
1715,"[1, 3]",Intermediário
1716,"[1, 3]",Avançado
1717,"[1, 3]",Iniciante
1718,"[1, 3]",Especialista
1719,"[1, 3]",Especialista
1720,"[1, 3]",Intermediário
1721,"[1, 3]",Intermediário
1722,"[1, 3]",Intermediário
1723,"[1, 3]",Intermediário
1724,"[1, 3]",Intermediário
1725,"[1, 3]",Especialista
1726,"[1, 3]",Intermediário
1727,"[1, 3]",Especialista
1728,"[1, 3]",Iniciante
1729,"[1, 3]",Especialista
1730,"[1, 3]",Avançado
1731,"[1, 3]",Especialista
1732,"[1, 3]",Avançado
1733,"[1, 3]",Iniciante
1734,"[1, 3]",Especialista
1735,"[1, 3]",Avançado
1736,"[1, 3]",Avançado
1737,"[1, 3]",Intermediário
1738,"[1, 3]",Iniciante
1739,"[1, 3]",Intermediário
1740,"[1, 3]",Intermediário
1741,"[1, 3]",Iniciante
1742,"[1, 3]",Intermediário
1743,"[1, 3]",Intermediário
1744,"[1, 3]",Intermediário
1745,"[1, 3]",Avançado
1746,"[1, 3]",Avançado
1747,"[1, 3]",Especialista
1748,"[1, 3]",Intermediário
1749,"[1, 3]",Iniciante
1750,"[1, 3]",Intermediário
1751,"[1, 3]",Iniciante
1752,"[1, 3]",Iniciante
1753,"[1, 3]",Especialista
1754,"[1, 3]",Iniciante
1755,"[1, 3]",Especialista
1756,"[1, 3]",Avançado
1757,"[1, 3]",Especialista
1758,"[1, 3]",Especialista
1759,"[1, 3]",Especialista
1760,"[1, 3]",Especialista
1761,"[1, 3]",Intermediário
1762,"[1, 3]",Intermediário
1763,"[1, 3]",Especialista
1764,"[1, 3]",Intermediário
1765,"[1, 3]",Iniciante
1766,"[1, 3]",Avançado
1767,"[1, 3]",Avançado
1768,"[1, 3]",Avançado
1769,"[1, 3]",Avançado
1770,"[1, 3]",Iniciante
1771,"[1, 3]",Intermediário
1772,"[1, 3]",Iniciante
1773,"[1, 3]",Iniciante
1774,"[1, 3]",Iniciante
1775,"[1, 3]",Especialista
1776,"[1, 3]",Intermediário
1777,"[1, 3]",Especialista
1778,"[1, 3]",Especialista
1779,"[1, 3]",Avançado
1780,"[1, 3]",Iniciante
1781,"[1, 3]",Iniciante
1782,"[1, 3]",Iniciante
1783,"[1, 3]",Avançado
1784,"[1, 3]",Especialista
1785,"[1, 3]",Intermediário
1786,"[1, 3]",Especialista
1787,"[1, 3]",Intermediário
1788,"[1, 3]",Iniciante
1789,"[1, 3]",Especialista
1790,"[1, 3]",Especialista
1791,"[1, 3]",Especialista
1792,"[1, 3]",Iniciante
1793,"[1, 3]",Especialista
1794,"[1, 3]",Intermediário
1795,"[1, 3]",Intermediário
1796,"[1, 3]",Avançado
1797,"[1, 3]",Avançado
1798,"[1, 3]",Iniciante
1799,"[1, 3]",Avançado
1800,"[1, 3]",Iniciante
1801,"[1, 3]",Avançado
1802,"[1, 3]",Especialista
1803,"[1, 3]",Iniciante
1804,"[1, 3]",Intermediário
1805,"[1, 3]",Avançado
1806,"[1, 3]",Intermediário
1807,"[1, 3]",Iniciante
1808,"[1, 3]",Intermediário
1809,"[1, 3]",Avançado
1810,"[1, 3]",Intermediário
1811,"[1, 3]",Iniciante
1812,"[1, 3]",Avançado
1813,"[1, 3]",Especialista
1814,"[1, 3]",Especialista
1815,"[1, 3]",Intermediário
1816,"[1, 3]",Avançado
1817,"[1, 3]",Iniciante
1818,"[1, 3]",Avançado
1819,"[1, 3]",Iniciante
1820,"[1, 3]",Especialista
1821,"[1, 3]",Avançado
1822,"[1, 3]",Intermediário
1823,"[1, 3]",Especialista
1824,"[1, 3]",Especialista
1825,"[1, 3]",Especialista
1826,"[1, 3]",Intermediário
1827,"[1, 3]",Avançado
1828,"[1, 3]",Intermediário
1829,"[1, 3]",Avançado
1830,"[1, 3]",Iniciante
1831,"[1, 3]",Intermediário
1832,"[1, 3]",Iniciante
1833,"[1, 3]",Especialista
1834,"[1, 3]",Avançado
1835,"[1, 3]",Avançado
1836,"[1, 3]",Intermediário
1837,"[1, 3]",Especialista
1838,"[1, 3]",Intermediário
1839,"[1, 3]",Iniciante
1840,"[1, 3]",Especialista
1841,"[1, 3]",Especialista
1842,"[1, 3]",Iniciante
1843,"[1, 3]",Iniciante
1844,"[1, 3]",Especialista
1845,"[1, 3]",Avançado
1846,"[1, 3]",Intermediário
1847,"[1, 3]",Intermediário
1848,"[1, 3]",Avançado
1849,"[1, 3]",Intermediário
1850,"[1, 3]",Iniciante
1851,"[1, 3]",Avançado
1852,"[1, 3]",Intermediário
1853,"[1, 3]",Iniciante
1854,"[1, 3]",Avançado
1855,"[1, 3]",Especialista
1856,"[1, 3]",Iniciante
1857,"[1, 3]",Avançado
1858,"[1, 3]",Intermediário
1859,"[1, 3]",Iniciante
1860,"[1, 3]",Iniciante
1861,"[1, 3]",Iniciante
1862,"[1, 3]",Iniciante
1863,"[1, 3]",Iniciante
1864,"[1, 3]",Intermediário
1865,"[1, 3]",Especialista
1866,"[1, 3]",Especialista
1867,"[1, 3]",Intermediário
1868,"[1, 3]",Especialista
1869,"[1, 3]",Iniciante
1870,"[1, 3]",Especialista
1871,"[1, 3]",Especialista
1872,"[1, 3]",Iniciante
1873,"[1, 3]",Avançado
1874,"[1, 3]",Avançado
1875,"[1, 3]",Iniciante
1876,"[1, 3]",Intermediário
1877,"[1, 3]",Iniciante
1878,"[1, 3]",Intermediário
1879,"[1, 3]",Intermediário
1880,"[1, 3]",Intermediário
1881,"[1, 3]",Avançado
1882,"[1, 3]",Especialista
1883,"[1, 3]",Especialista
1884,"[1, 3]",Avançado
1885,"[1, 3]",Avançado
1886,"[1, 3]",Intermediário
1887,"[1, 3]",Avançado
1888,"[1, 3]",Avançado
1889,"[1, 3]",Avançado
1890,"[1, 3]",Iniciante
1891,"[1, 3]",Especialista
1892,"[1, 3]",Avançado
1893,"[1, 3]",Iniciante
1894,"[1, 3]",Avançado
1895,"[1, 3]",Iniciante
1896,"[1, 3]",Intermediário
1897,"[1, 3]",Intermediário
1898,"[1, 3]",Especialista
1899,"[1, 3]",Intermediário
1900,"[1, 3]",Intermediário
1901,"[1, 3]",Especialista
1902,"[1, 3]",Avançado
1903,"[1, 3]",Avançado
1904,"[1, 3]",Intermediário
1905,"[1, 3]",Especialista
1906,"[1, 3]",Iniciante
1907,"[1, 3]",Intermediário
1908,"[1, 3]",Iniciante
1909,"[1, 3]",Intermediário
1910,"[1, 3]",Iniciante
1911,"[1, 3]",Intermediário
1912,"[1, 3]",Avançado
1913,"[1, 3]",Avançado
1914,"[1, 3]",Iniciante
1915,"[1, 3]",Iniciante
1916,"[1, 3]",Intermediário
1917,"[1, 3]",Especialista
1918,"[1, 3]",Iniciante
1919,"[1, 3]",Intermediário
1920,"[1, 3]",Intermediário
1921,"[1, 3]",Iniciante
1922,"[1, 3]",Intermediário
1923,"[1, 3]",Intermediário
1924,"[1, 3]",Intermediário
1925,"[1, 3]",Avançado
1926,"[1, 3]",Iniciante
1927,"[1, 3]",Avançado
1928,"[1, 3]",Especialista
1929,"[1, 3]",Intermediário
1930,"[1, 3]",Iniciante
1931,"[1, 3]",Avançado
1932,"[1, 3]",Intermediário
1933,"[1, 3]",Iniciante
1934,"[1, 3]",Avançado
1935,"[1, 3]",Iniciante
1936,"[1, 3]",Especialista
1937,"[1, 3]",Especialista
1938,"[1, 3]",Especialista
1939,"[1, 3]",Especialista
1940,"[1, 3]",Avançado
1941,"[1, 3]",Avançado
1942,"[1, 3]",Intermediário
1943,"[1, 3]",Especialista
1944,"[1, 3]",Intermediário
1945,"[1, 3]",Avançado
1946,"[1, 3]",Iniciante
1947,"[1, 3]",Iniciante
1948,"[1, 3]",Especialista
1949,"[1, 3]",Iniciante
1950,"[1, 3]",Avançado
1951,"[1, 3]",Intermediário
1952,"[1, 3]",Especialista
1953,"[1, 3]",Intermediário
1954,"[1, 3]",Avançado
1955,"[1, 3]",Avançado
1956,"[1, 3]",Especialista
1957,"[1, 3]",Intermediário
1958,"[1, 3]",Avançado
1959,"[1, 3]",Iniciante
1960,"[1, 3]",Especialista
1961,"[1, 3]",Avançado
1962,"[1, 3]",Especialista
1963,"[1, 3]",Especialista
1964,"[1, 3]",Iniciante
1965,"[1, 3]",Iniciante
1966,"[1, 3]",Especialista
1967,"[1, 3]",Iniciante
1968,"[1, 3]",Intermediário
1969,"[1, 3]",Avançado
1970,"[1, 3]",Avançado
1971,"[1, 3]",Intermediário
1972,"[1, 3]",Especialista
1973,"[1, 3]",Avançado
1974,"[1, 3]",Especialista
1975,"[1, 3]",Iniciante
1976,"[1, 3]",Especialista
1977,"[1, 3]",Avançado
1978,"[1, 3]",Intermediário
1979,"[1, 3]",Intermediário
1980,"[1, 3]",Intermediário
1981,"[1, 3]",Especialista
1982,"[1, 3]",Intermediário
1983,"[1, 3]",Avançado
1984,"[1, 3]",Iniciante
1985,"[1, 3]",Avançado
1986,"[1, 3]",Iniciante
1987,"[1, 3]",Avançado
1988,"[1, 3]",Especialista
1989,"[1, 3]",Iniciante
1990,"[1, 3]",Especialista
1991,"[1, 3]",Intermediário
1992,"[1, 3]",Intermediário
1993,"[1, 3]",Iniciante
1994,"[1, 3]",Avançado
1995,"[1, 3]",Especialista
1996,"[1, 3]",Especialista
1997,"[1, 3]",Intermediário
1998,"[1, 3]",Especialista
1999,"[1, 3]",Especialista
2000,"[1, 3]",Iniciante
2001,"[1, 3]",Iniciante
2002,"[1, 3]",Intermediário
2003,"[1, 3]",Especialista
2004,"[1, 3]",Intermediário
2005,"[1, 3]",Especialista
2006,"[1, 3]",Intermediário
2007,"[1, 3]",Intermediário
2008,"[1, 3]",Especialista
2009,"[1, 3]",Especialista
2010,"[1, 3]",Especialista
2011,"[1, 3]",Avançado
2012,"[1, 3]",Especialista
2013,"[1, 3]",Iniciante
2014,"[1, 3]",Iniciante
2015,"[1, 3]",Intermediário
2016,"[1, 3]",Avançado
2017,"[1, 3]",Iniciante
2018,"[1, 3]",Intermediário
2019,"[1, 3]",Especialista
2020,"[1, 3]",Iniciante
2021,"[1, 3]",Iniciante
2022,"[1, 3]",Intermediário
2023,"[1, 3]",Especialista
2024,"[1, 3]",Avançado
2025,"[1, 3]",Avançado
2026,"[1, 3]",Avançado
2027,"[1, 3]",Intermediário
2028,"[1, 3]",Iniciante
2029,"[1, 3]",Especialista
2030,"[1, 3]",Avançado
2031,"[1, 3]",Avançado
2032,"[1, 3]",Avançado
2033,"[1, 3]",Especialista
2034,"[1, 3]",Avançado
2035,"[1, 3]",Especialista
2036,"[1, 3]",Especialista
2037,"[1, 3]",Especialista
2038,"[1, 3]",Especialista
2039,"[1, 3]",Especialista
2040,"[1, 3]",Iniciante
2041,"[1, 3]",Intermediário
2042,"[1, 3]",Intermediário
2043,"[1, 3]",Especialista
2044,"[1, 3]",Avançado
2045,"[1, 3]",Avançado
2046,"[1, 3]",Especialista
2047,"[1, 3]",Avançado
2048,"[1, 3]",Iniciante
2049,"[1, 3]",Especialista
2050,"[1, 3]",Avançado
2051,"[1, 3]",Iniciante
2052,"[1, 3]",Avançado
2053,"[1, 3]",Avançado
2054,"[1, 3]",Avançado
2055,"[1, 3]",Especialista
2056,"[1, 3]",Iniciante
2057,"[1, 3]",Iniciante
2058,"[1, 3]",Especialista
2059,"[1, 3]",Intermediário
2060,"[1, 3]",Iniciante
2061,"[1, 3]",Intermediário
2062,"[1, 3]",Especialista
2063,"[1, 3]",Especialista
2064,"[1, 3]",Avançado
2065,"[1, 3]",Intermediário
2066,"[1, 3]",Especialista
2067,"[1, 3]",Intermediário
2068,"[1, 3]",Intermediário
2069,"[1, 3]",Iniciante
2070,"[1, 3]",Intermediário
2071,"[1, 3]",Iniciante
2072,"[1, 3]",Intermediário
2073,"[1, 3]",Avançado
2074,"[1, 3]",Intermediário
2075,"[1, 3]",Avançado
2076,"[1, 3]",Especialista
2077,"[1, 3]",Iniciante
2078,"[1, 3]",Especialista
2079,"[1, 3]",Avançado
2080,"[1, 3]",Iniciante
2081,"[1, 3]",Iniciante
2082,"[1, 3]",Especialista
2083,"[1, 3]",Intermediário
2084,"[1, 3]",Iniciante
2085,"[1, 3]",Especialista
2086,"[1, 3]",Iniciante
2087,"[1, 3]",Avançado
2088,"[1, 3]",Avançado
2089,"[1, 3]",Intermediário
2090,"[1, 3]",Iniciante
2091,"[1, 3]",Iniciante
2092,"[1, 3]",Avançado
2093,"[1, 3]",Iniciante
2094,"[1, 3]",Avançado
2095,"[1, 3]",Especialista
2096,"[1, 3]",Especialista
2097,"[1, 3]",Especialista
2098,"[1, 3]",Avançado
2099,"[1, 3]",Intermediário
2100,"[1, 3]",Avançado
2101,"[1, 3]",Especialista
2102,"[1, 3]",Especialista
2103,"[1, 3]",Intermediário
2104,"[1, 3]",Especialista
2105,"[1, 3]",Iniciante
2106,"[1, 3]",Avançado
2107,"[1, 3]",Avançado
2108,"[1, 3]",Iniciante
2109,"[1, 3]",Avançado
2110,"[1, 3]",Intermediário
2111,"[1, 3]",Especialista
2112,"[1, 3]",Especialista
2113,"[1, 3]",Intermediário
2114,"[1, 3]",Especialista
2115,"[1, 3]",Especialista
2116,"[1, 3]",Intermediário
2117,"[1, 3]",Iniciante
2118,"[1, 3]",Especialista
2119,"[1, 3]",Iniciante
2120,"[1, 3]",Avançado
2121,"[1, 3]",Especialista
2122,"[1, 3]",Avançado
2123,"[1, 3]",Avançado
2124,"[1, 3]",Especialista
2125,"[1, 3]",Especialista
2126,"[1, 3]",Especialista
2127,"[1, 3]",Iniciante
2128,"[1, 3]",Especialista
2129,"[1, 3]",Iniciante
2130,"[1, 3]",Intermediário
2131,"[1, 3]",Iniciante
2132,"[1, 3]",Avançado
2133,"[1, 3]",Especialista
2134,"[1, 3]",Intermediário
2135,"[1, 3]",Intermediário
2136,"[1, 3]",Intermediário
2137,"[1, 3]",Especialista
2138,"[1, 3]",Intermediário
2139,"[1, 3]",Iniciante
2140,"[1, 3]",Avançado
2141,"[1, 3]",Iniciante
2142,"[1, 3]",Avançado
2143,"[1, 3]",Especialista
2144,"[1, 3]",Especialista
2145,"[1, 3]",Iniciante
2146,"[1, 3]",Avançado
2147,"[1, 3]",Intermediário
2148,"[1, 3]",Especialista
2149,"[1, 3]",Intermediário
2150,"[1, 3]",Iniciante
2151,"[1, 3]",Iniciante
2152,"[1, 3]",Especialista
2153,"[1, 3]",Intermediário
2154,"[1, 3]",Intermediário
2155,"[1, 3]",Especialista
2156,"[1, 3]",Intermediário
2157,"[1, 3]",Especialista
2158,"[1, 3]",Intermediário
2159,"[1, 3]",Especialista
2160,"[1, 3]",Intermediário
2161,"[1, 3]",Intermediário
2162,"[1, 3]",Iniciante
2163,"[1, 3]",Avançado
2164,"[1, 3]",Especialista
2165,"[1, 3]",Iniciante
2166,"[1, 3]",Intermediário
2167,"[1, 3]",Intermediário
2168,"[1, 3]",Intermediário
2169,"[1, 3]",Especialista
2170,"[1, 3]",Intermediário
2171,"[1, 3]",Avançado
2172,"[1, 3]",Intermediário
2173,"[1, 3]",Especialista
2174,"[1, 3]",Avançado
2175,"[1, 3]",Especialista
2176,"[1, 3]",Iniciante
2177,"[1, 3]",Intermediário
2178,"[1, 3]",Avançado
2179,"[1, 3]",Avançado
2180,"[1, 3]",Intermediário
2181,"[1, 3]",Especialista
2182,"[1, 3]",Avançado
2183,"[1, 3]",Iniciante
2184,"[1, 3]",Especialista
2185,"[1, 3]",Avançado
2186,"[1, 3]",Avançado
2187,"[1, 3]",Avançado
2188,"[1, 3]",Avançado
2189,"[1, 3]",Avançado
2190,"[1, 3]",Intermediário
2191,"[1, 3]",Iniciante
2192,"[1, 3]",Intermediário
2193,"[1, 3]",Iniciante
2194,"[1, 3]",Iniciante
2195,"[1, 3]",Intermediário
2196,"[1, 3]",Iniciante
2197,"[1, 3]",Iniciante
2198,"[1, 3]",Avançado
2199,"[1, 3]",Iniciante
2200,"[1, 3]",Iniciante
2201,"[1, 3]",Avançado
2202,"[1, 3]",Avançado
2203,"[1, 3]",Especialista
2204,"[1, 3]",Iniciante
2205,"[1, 3]",Especialista
2206,"[1, 3]",Iniciante
2207,"[1, 3]",Avançado
2208,"[1, 3]",Intermediário
2209,"[1, 3]",Iniciante
2210,"[1, 3]",Intermediário
2211,"[1, 3]",Iniciante
2212,"[1, 3]",Avançado
2213,"[1, 3]",Avançado
2214,"[1, 3]",Especialista
2215,"[1, 3]",Avançado
2216,"[1, 3]",Intermediário
2217,"[1, 3]",Especialista
2218,"[1, 3]",Intermediário
2219,"[1, 3]",Intermediário
2220,"[1, 3]",Intermediário
2221,"[1, 3]",Especialista
2222,"[1, 3]",Intermediário
2223,"[1, 3]",Iniciante
2224,"[1, 3]",Intermediário
2225,"[1, 3]",Avançado
2226,"[1, 3]",Intermediário
2227,"[1, 3]",Especialista
2228,"[1, 3]",Avançado
2229,"[1, 3]",Especialista
2230,"[1, 3]",Iniciante
2231,"[1, 3]",Especialista
2232,"[1, 3]",Intermediário
2233,"[1, 3]",Intermediário
2234,"[1, 3]",Iniciante
2235,"[1, 3]",Iniciante
2236,"[1, 3]",Avançado
2237,"[1, 3]",Iniciante
2238,"[1, 3]",Iniciante
2239,"[1, 3]",Intermediário
2240,"[1, 3]",Iniciante
2241,"[1, 3]",Intermediário
2242,"[1, 3]",Especialista
2243,"[1, 3]",Intermediário
2244,"[1, 3]",Especialista
2245,"[1, 3]",Avançado
2246,"[1, 3]",Avançado
2247,"[1, 3]",Intermediário
2248,"[1, 3]",Intermediário
2249,"[1, 3]",Intermediário
2250,"[1, 3]",Iniciante
2251,"[1, 3]",Iniciante
2252,"[1, 3]",Especialista
2253,"[1, 3]",Iniciante
2254,"[1, 3]",Iniciante
2255,"[1, 3]",Intermediário
2256,"[1, 3]",Iniciante
2257,"[1, 3]",Iniciante
2258,"[1, 3]",Iniciante
2259,"[1, 3]",Avançado
2260,"[1, 3]",Iniciante
2261,"[1, 3]",Avançado
2262,"[1, 3]",Iniciante
2263,"[1, 3]",Avançado
2264,"[1, 3]",Avançado
2265,"[1, 3]",Intermediário
2266,"[1, 3]",Especialista
2267,"[1, 3]",Avançado
2268,"[1, 3]",Especialista
2269,"[1, 3]",Iniciante
2270,"[1, 3]",Avançado
2271,"[1, 3]",Avançado
2272,"[1, 3]",Especialista
2273,"[1, 3]",Especialista
2274,"[1, 3]",Avançado
2275,"[1, 3]",Avançado
2276,"[1, 3]",Iniciante
2277,"[1, 3]",Intermediário
2278,"[1, 3]",Especialista
2279,"[1, 3]",Especialista
2280,"[1, 3]",Iniciante
2281,"[1, 3]",Iniciante
2282,"[1, 3]",Intermediário
2283,"[1, 3]",Avançado
2284,"[1, 3]",Avançado
2285,"[1, 3]",Avançado
2286,"[1, 3]",Especialista
2287,"[1, 3]",Iniciante
2288,"[1, 3]",Avançado
2289,"[1, 3]",Intermediário
2290,"[1, 3]",Avançado
2291,"[1, 3]",Especialista
2292,"[1, 3]",Intermediário
2293,"[1, 3]",Especialista
2294,"[1, 3]",Avançado
2295,"[1, 3]",Iniciante
2296,"[1, 3]",Iniciante
2297,"[1, 3]",Especialista
2298,"[1, 3]",Avançado
2299,"[1, 3]",Avançado
2300,"[1, 3]",Especialista
2301,"[1, 3]",Intermediário
2302,"[1, 3]",Especialista
2303,"[1, 3]",Avançado
2304,"[1, 3]",Intermediário
2305,"[1, 3]",Especialista
2306,"[1, 3]",Especialista
2307,"[1, 3]",Avançado
2308,"[1, 3]",Especialista
2309,"[1, 3]",Intermediário
2310,"[1, 3]",Intermediário
2311,"[1, 3]",Especialista
2312,"[1, 3]",Avançado
2313,"[1, 3]",Especialista
2314,"[1, 3]",Avançado
2315,"[1, 3]",Avançado
2316,"[1, 3]",Iniciante
2317,"[1, 3]",Iniciante
2318,"[1, 3]",Especialista
2319,"[1, 3]",Especialista
2320,"[1, 3]",Avançado
2321,"[1, 3]",Especialista
2322,"[1, 3]",Especialista
2323,"[1, 3]",Avançado
2324,"[1, 3]",Especialista
2325,"[1, 3]",Iniciante
2326,"[1, 3]",Intermediário
2327,"[1, 3]",Intermediário
2328,"[1, 3]",Iniciante
2329,"[1, 3]",Avançado
2330,"[1, 3]",Avançado
2331,"[1, 3]",Especialista
2332,"[1, 3]",Iniciante
2333,"[1, 3]",Especialista
2334,"[1, 3]",Intermediário
2335,"[1, 3]",Especialista
2336,"[1, 3]",Especialista
2337,"[1, 3]",Intermediário
2338,"[1, 3]",Iniciante
2339,"[1, 3]",Avançado
2340,"[1, 3]",Avançado
2341,"[1, 3]",Iniciante
2342,"[1, 3]",Especialista
2343,"[1, 3]",Intermediário
2344,"[1, 3]",Iniciante
2345,"[1, 3]",Intermediário
2346,"[1, 3]",Especialista
2347,"[1, 3]",Especialista
2348,"[1, 3]",Intermediário
2349,"[1, 3]",Especialista
2350,"[1, 3]",Avançado
2351,"[1, 3]",Avançado
2352,"[1, 3]",Avançado
2353,"[1, 3]",Avançado
2354,"[1, 3]",Iniciante
2355,"[1, 3]",Avançado
2356,"[1, 3]",Especialista
2357,"[1, 3]",Avançado
2358,"[1, 3]",Avançado
2359,"[1, 3]",Intermediário
2360,"[1, 3]",Especialista
2361,"[1, 3]",Intermediário
2362,"[1, 3]",Especialista
2363,"[1, 3]",Intermediário
2364,"[1, 3]",Intermediário
2365,"[1, 3]",Especialista
2366,"[1, 3]",Iniciante
2367,"[1, 3]",Especialista
2368,"[1, 3]",Iniciante
2369,"[1, 3]",Especialista
2370,"[1, 3]",Iniciante
2371,"[1, 3]",Iniciante
2372,"[1, 3]",Iniciante
2373,"[1, 3]",Intermediário
2374,"[1, 3]",Intermediário
2375,"[1, 3]",Intermediário
2376,"[1, 3]",Especialista
2377,"[1, 3]",Iniciante
2378,"[1, 3]",Especialista
2379,"[1, 3]",Intermediário
2380,"[1, 3]",Avançado
2381,"[1, 3]",Intermediário
2382,"[1, 3]",Iniciante
2383,"[1, 3]",Avançado
2384,"[1, 3]",Intermediário
2385,"[1, 3]",Intermediário
2386,"[1, 3]",Especialista
2387,"[1, 3]",Iniciante
2388,"[1, 3]",Especialista
2389,"[1, 3]",Iniciante
2390,"[1, 3]",Intermediário
2391,"[1, 3]",Especialista
2392,"[1, 3]",Iniciante
2393,"[1, 3]",Avançado
2394,"[1, 3]",Avançado
2395,"[1, 3]",Especialista
2396,"[1, 3]",Iniciante
2397,"[1, 3]",Avançado
2398,"[1, 3]",Intermediário
2399,"[1, 3]",Especialista
2400,"[1, 3]",Avançado
2401,"[1, 3]",Avançado
2402,"[1, 3]",Especialista
2403,"[1, 3]",Intermediário
2404,"[1, 3]",Iniciante
2405,"[1, 3]",Intermediário
2406,"[1, 3]",Intermediário
2407,"[1, 3]",Iniciante
2408,"[1, 3]",Iniciante
2409,"[1, 3]",Especialista
2410,"[1, 3]",Especialista
2411,"[1, 3]",Avançado
2412,"[1, 3]",Iniciante
2413,"[1, 3]",Intermediário
2414,"[1, 3]",Especialista
2415,"[1, 3]",Especialista
2416,"[1, 3]",Iniciante
2417,"[1, 3]",Intermediário
2418,"[1, 3]",Iniciante
2419,"[1, 3]",Avançado
2420,"[1, 3]",Intermediário
2421,"[1, 3]",Intermediário
2422,"[1, 3]",Intermediário
2423,"[1, 3]",Intermediário
2424,"[1, 3]",Especialista
2425,"[1, 3]",Especialista
2426,"[1, 3]",Avançado
2427,"[1, 3]",Avançado
2428,"[1, 3]",Especialista
2429,"[1, 3]",Especialista
2430,"[1, 3]",Especialista
2431,"[1, 3]",Avançado
2432,"[1, 3]",Especialista
2433,"[1, 3]",Especialista
2434,"[1, 3]",Avançado
2435,"[1, 3]",Intermediário
2436,"[1, 3]",Especialista
2437,"[1, 3]",Avançado
2438,"[1, 3]",Iniciante
2439,"[1, 3]",Avançado
2440,"[1, 3]",Intermediário
2441,"[1, 3]",Intermediário
2442,"[1, 3]",Intermediário
2443,"[1, 3]",Intermediário
2444,"[1, 3]",Especialista
2445,"[1, 3]",Avançado
2446,"[1, 3]",Iniciante
2447,"[1, 3]",Especialista
2448,"[1, 3]",Iniciante
2449,"[1, 3]",Iniciante
2450,"[1, 3]",Iniciante
2451,"[1, 3]",Iniciante
2452,"[1, 3]",Especialista
2453,"[1, 3]",Intermediário
2454,"[1, 3]",Especialista
2455,"[1, 3]",Intermediário
2456,"[1, 3]",Avançado
2457,"[1, 3]",Intermediário
2458,"[1, 3]",Intermediário
2459,"[1, 3]",Especialista
2460,"[1, 3]",Intermediário
2461,"[1, 3]",Avançado
2462,"[1, 3]",Iniciante
2463,"[1, 3]",Iniciante
2464,"[1, 3]",Avançado
2465,"[1, 3]",Intermediário
2466,"[1, 3]",Intermediário
2467,"[1, 3]",Iniciante
2468,"[1, 3]",Avançado
2469,"[1, 3]",Iniciante
2470,"[1, 3]",Iniciante
2471,"[1, 3]",Iniciante
2472,"[1, 3]",Intermediário
2473,"[1, 3]",Especialista
2474,"[1, 3]",Iniciante
2475,"[1, 3]",Iniciante
2476,"[1, 3]",Especialista
2477,"[1, 3]",Especialista
2478,"[1, 3]",Especialista
2479,"[1, 3]",Avançado
2480,"[1, 3]",Iniciante
2481,"[1, 3]",Avançado
2482,"[1, 3]",Iniciante
2483,"[1, 3]",Intermediário
2484,"[1, 3]",Especialista
2485,"[1, 3]",Especialista
2486,"[1, 3]",Iniciante
2487,"[1, 3]",Avançado
2488,"[1, 3]",Intermediário
2489,"[1, 3]",Iniciante
2490,"[1, 3]",Iniciante
2491,"[1, 3]",Intermediário
2492,"[1, 3]",Avançado
2493,"[1, 3]",Especialista
2494,"[1, 3]",Avançado
2495,"[1, 3]",Intermediário
2496,"[1, 3]",Especialista
2497,"[1, 3]",Intermediário
2498,"[1, 3]",Iniciante
2499,"[1, 3]",Especialista
2500,"[1, 3]",Iniciante
2501,"[1, 3]",Avançado
2502,"[1, 3]",Especialista
2503,"[1, 3]",Intermediário
2504,"[1, 3]",Iniciante
2505,"[1, 3]",Intermediário
2506,"[1, 3]",Especialista
2507,"[1, 3]",Avançado
2508,"[1, 3]",Iniciante
2509,"[1, 3]",Especialista
2510,"[1, 3]",Especialista
2511,"[1, 3]",Especialista
2512,"[1, 3]",Avançado
2513,"[1, 3]",Intermediário
2514,"[1, 3]",Iniciante
2515,"[1, 3]",Especialista
2516,"[1, 3]",Avançado
2517,"[1, 3]",Avançado
2518,"[1, 3]",Especialista
2519,"[1, 3]",Intermediário
2520,"[1, 3]",Avançado
2521,"[1, 3]",Intermediário
2522,"[1, 3]",Avançado
2523,"[1, 3]",Especialista
2524,"[1, 3]",Iniciante
2525,"[1, 3]",Avançado
2526,"[1, 3]",Iniciante
2527,"[1, 3]",Intermediário
2528,"[1, 3]",Intermediário
2529,"[1, 3]",Avançado
2530,"[1, 3]",Avançado
2531,"[1, 3]",Avançado
2532,"[1, 3]",Avançado
2533,"[1, 3]",Intermediário
2534,"[1, 3]",Avançado
2535,"[1, 3]",Avançado
2536,"[1, 3]",Avançado
2537,"[1, 3]",Intermediário
2538,"[1, 3]",Iniciante
2539,"[1, 3]",Avançado
2540,"[1, 3]",Intermediário
2541,"[1, 3]",Iniciante
2542,"[1, 3]",Avançado
2543,"[1, 3]",Intermediário
2544,"[1, 3]",Iniciante
2545,"[1, 3]",Iniciante
2546,"[1, 3]",Intermediário
2547,"[1, 3]",Iniciante
2548,"[1, 3]",Especialista
2549,"[1, 3]",Especialista
2550,"[1, 3]",Avançado
2551,"[1, 3]",Intermediário
2552,"[1, 3]",Iniciante
2553,"[1, 3]",Especialista
2554,"[1, 3]",Intermediário
2555,"[1, 3]",Intermediário
2556,"[1, 3]",Intermediário
2557,"[1, 3]",Intermediário
2558,"[1, 3]",Especialista
2559,"[1, 3]",Iniciante
2560,"[1, 3]",Intermediário
2561,"[1, 3]",Intermediário
2562,"[1, 3]",Intermediário
2563,"[1, 3]",Avançado
2564,"[1, 3]",Iniciante
2565,"[1, 3]",Avançado
2566,"[1, 3]",Iniciante
2567,"[1, 3]",Avançado
2568,"[1, 3]",Intermediário
2569,"[1, 3]",Especialista
2570,"[1, 3]",Avançado
2571,"[1, 3]",Avançado
2572,"[1, 3]",Iniciante
2573,"[1, 3]",Avançado
2574,"[1, 3]",Iniciante
2575,"[1, 3]",Especialista
2576,"[1, 3]",Intermediário
2577,"[1, 3]",Intermediário
2578,"[1, 3]",Iniciante
2579,"[1, 3]",Iniciante
2580,"[1, 3]",Avançado
2581,"[1, 3]",Intermediário
2582,"[1, 3]",Intermediário
2583,"[1, 3]",Iniciante
2584,"[1, 3]",Avançado
2585,"[1, 3]",Especialista
2586,"[1, 3]",Iniciante
2587,"[1, 3]",Especialista
2588,"[1, 3]",Intermediário
2589,"[1, 3]",Especialista
2590,"[1, 3]",Especialista
2591,"[1, 3]",Especialista
2592,"[1, 3]",Iniciante
2593,"[1, 3]",Especialista
2594,"[1, 3]",Especialista
2595,"[1, 3]",Iniciante
2596,"[1, 3]",Avançado
2597,"[1, 3]",Especialista
2598,"[1, 3]",Avançado
2599,"[1, 3]",Avançado
2600,"[1, 3]",Avançado
2601,"[1, 3]",Intermediário
2602,"[1, 3]",Especialista
2603,"[1, 3]",Avançado
2604,"[1, 3]",Iniciante
2605,"[1, 3]",Avançado
2606,"[1, 3]",Especialista
2607,"[1, 3]",Avançado
2608,"[1, 3]",Intermediário
2609,"[1, 3]",Avançado
2610,"[1, 3]",Avançado
2611,"[1, 3]",Especialista
2612,"[1, 3]",Especialista
2613,"[1, 3]",Iniciante
2614,"[1, 3]",Especialista
2615,"[1, 3]",Avançado
2616,"[1, 3]",Avançado
2617,"[1, 3]",Especialista
2618,"[1, 3]",Intermediário
2619,"[1, 3]",Avançado
2620,"[1, 3]",Avançado
2621,"[1, 3]",Intermediário
2622,"[1, 3]",Intermediário
2623,"[1, 3]",Avançado
2624,"[1, 3]",Especialista
2625,"[1, 3]",Especialista
2626,"[1, 3]",Iniciante
2627,"[1, 3]",Iniciante
2628,"[1, 3]",Especialista
2629,"[1, 3]",Especialista
2630,"[1, 3]",Avançado
2631,"[1, 3]",Avançado
2632,"[1, 3]",Especialista
2633,"[1, 3]",Intermediário
2634,"[1, 3]",Intermediário
2635,"[1, 3]",Iniciante
2636,"[1, 3]",Intermediário
2637,"[1, 3]",Intermediário
2638,"[1, 3]",Avançado
2639,"[1, 3]",Avançado
2640,"[1, 3]",Especialista
2641,"[1, 3]",Avançado
2642,"[1, 3]",Iniciante
2643,"[1, 3]",Iniciante
2644,"[1, 3]",Avançado
2645,"[1, 3]",Intermediário
2646,"[1, 3]",Intermediário
2647,"[1, 3]",Avançado
2648,"[1, 3]",Intermediário
2649,"[1, 3]",Iniciante
2650,"[1, 3]",Avançado
2651,"[1, 3]",Iniciante
2652,"[1, 3]",Iniciante
2653,"[1, 3]",Avançado
2654,"[1, 3]",Iniciante
2655,"[1, 3]",Avançado
2656,"[1, 3]",Avançado
2657,"[1, 3]",Avançado
2658,"[1, 3]",Avançado
2659,"[1, 3]",Especialista
2660,"[1, 3]",Avançado
2661,"[1, 3]",Avançado
2662,"[1, 3]",Intermediário
2663,"[1, 3]",Avançado
2664,"[1, 3]",Iniciante
2665,"[1, 3]",Especialista
2666,"[1, 3]",Especialista
2667,"[1, 3]",Especialista
2668,"[1, 3]",Intermediário
2669,"[1, 3]",Avançado
2670,"[1, 3]",Intermediário
2671,"[1, 3]",Iniciante
2672,"[1, 3]",Especialista
2673,"[1, 3]",Intermediário
2674,"[1, 3]",Avançado
2675,"[1, 3]",Iniciante
2676,"[1, 3]",Avançado
2677,"[1, 3]",Avançado
2678,"[1, 3]",Especialista
2679,"[1, 3]",Iniciante
2680,"[1, 3]",Iniciante
2681,"[1, 3]",Especialista
2682,"[1, 3]",Especialista
2683,"[1, 3]",Iniciante
2684,"[1, 3]",Especialista
2685,"[1, 3]",Iniciante
2686,"[1, 3]",Especialista
2687,"[1, 3]",Intermediário
2688,"[1, 3]",Avançado
2689,"[1, 3]",Avançado
2690,"[1, 3]",Intermediário
2691,"[1, 3]",Especialista
2692,"[1, 3]",Iniciante
2693,"[1, 3]",Avançado
2694,"[1, 3]",Especialista
2695,"[1, 3]",Avançado
2696,"[1, 3]",Avançado
2697,"[1, 3]",Avançado
2698,"[1, 3]",Iniciante
2699,"[1, 3]",Avançado
2700,"[1, 3]",Avançado
2701,"[1, 3]",Intermediário
2702,"[1, 3]",Iniciante
2703,"[1, 3]",Intermediário
2704,"[1, 3]",Intermediário
2705,"[1, 3]",Especialista
2706,"[1, 3]",Iniciante
2707,"[1, 3]",Iniciante
2708,"[1, 3]",Especialista
2709,"[1, 3]",Intermediário
2710,"[1, 3]",Intermediário
2711,"[1, 3]",Iniciante
2712,"[1, 3]",Intermediário
2713,"[1, 3]",Especialista
2714,"[1, 3]",Intermediário
2715,"[1, 3]",Iniciante
2716,"[1, 3]",Especialista
2717,"[1, 3]",Avançado
2718,"[1, 3]",Intermediário
2719,"[1, 3]",Avançado
2720,"[1, 3]",Especialista
2721,"[1, 3]",Iniciante
2722,"[1, 3]",Especialista
2723,"[1, 3]",Iniciante
2724,"[1, 3]",Avançado
2725,"[1, 3]",Especialista
2726,"[1, 3]",Iniciante
2727,"[1, 3]",Especialista
2728,"[1, 3]",Especialista
2729,"[1, 3]",Avançado
2730,"[1, 3]",Intermediário
2731,"[1, 3]",Intermediário
2732,"[1, 3]",Avançado
2733,"[1, 3]",Especialista
2734,"[1, 3]",Intermediário
2735,"[1, 3]",Avançado
2736,"[1, 3]",Intermediário
2737,"[1, 3]",Iniciante
2738,"[1, 3]",Iniciante
2739,"[1, 3]",Avançado
2740,"[1, 3]",Avançado
2741,"[1, 3]",Especialista
2742,"[1, 3]",Avançado
2743,"[1, 3]",Avançado
2744,"[1, 3]",Especialista
2745,"[1, 3]",Avançado
2746,"[1, 3]",Avançado
2747,"[1, 3]",Intermediário
2748,"[1, 3]",Intermediário
2749,"[1, 3]",Especialista
2750,"[1, 3]",Especialista
2751,"[1, 3]",Especialista
2752,"[1, 3]",Intermediário
2753,"[1, 3]",Intermediário
2754,"[1, 3]",Avançado
2755,"[1, 3]",Avançado
2756,"[1, 3]",Avançado
2757,"[1, 3]",Avançado
2758,"[1, 3]",Iniciante
2759,"[1, 3]",Especialista
2760,"[1, 3]",Especialista
2761,"[1, 3]",Avançado
2762,"[1, 3]",Intermediário
2763,"[1, 3]",Intermediário
2764,"[1, 3]",Especialista
2765,"[1, 3]",Especialista
2766,"[1, 3]",Avançado
2767,"[1, 3]",Intermediário
2768,"[1, 3]",Intermediário
2769,"[1, 3]",Avançado
2770,"[1, 3]",Iniciante
2771,"[1, 3]",Iniciante
2772,"[1, 3]",Especialista
2773,"[1, 3]",Intermediário
2774,"[1, 3]",Iniciante
2775,"[1, 3]",Intermediário
2776,"[1, 3]",Intermediário
2777,"[1, 3]",Especialista
2778,"[1, 3]",Especialista
2779,"[1, 3]",Avançado
2780,"[1, 3]",Iniciante
2781,"[1, 3]",Iniciante
2782,"[1, 3]",Avançado
2783,"[1, 3]",Iniciante
2784,"[1, 3]",Especialista
2785,"[1, 3]",Avançado
2786,"[1, 3]",Intermediário
2787,"[1, 3]",Intermediário
2788,"[1, 3]",Avançado
2789,"[1, 3]",Iniciante
2790,"[1, 3]",Especialista
2791,"[1, 3]",Avançado
2792,"[1, 3]",Intermediário
2793,"[1, 3]",Avançado
2794,"[1, 3]",Especialista
2795,"[1, 3]",Especialista
2796,"[1, 3]",Avançado
2797,"[1, 3]",Intermediário
2798,"[1, 3]",Iniciante
2799,"[1, 3]",Intermediário
2800,"[1, 3]",Especialista
2801,"[1, 3]",Avançado
2802,"[1, 3]",Intermediário
2803,"[1, 3]",Intermediário
2804,"[1, 3]",Avançado
2805,"[1, 3]",Iniciante
2806,"[1, 3]",Iniciante
2807,"[1, 3]",Avançado
2808,"[1, 3]",Especialista
2809,"[1, 3]",Intermediário
2810,"[1, 3]",Especialista
2811,"[1, 3]",Iniciante
2812,"[1, 3]",Iniciante
2813,"[1, 3]",Intermediário
2814,"[1, 3]",Iniciante
2815,"[1, 3]",Especialista
2816,"[1, 3]",Especialista
2817,"[1, 3]",Avançado
2818,"[1, 3]",Intermediário
2819,"[1, 3]",Iniciante
2820,"[1, 3]",Avançado
2821,"[1, 3]",Especialista
2822,"[1, 3]",Intermediário
2823,"[1, 3]",Especialista
2824,"[1, 3]",Avançado
2825,"[1, 3]",Avançado
2826,"[1, 3]",Avançado
2827,"[1, 3]",Especialista
2828,"[1, 3]",Avançado
2829,"[1, 3]",Intermediário
2830,"[1, 3]",Iniciante
2831,"[1, 3]",Avançado
2832,"[1, 3]",Avançado
2833,"[1, 3]",Avançado
2834,"[1, 3]",Iniciante
2835,"[1, 3]",Intermediário
2836,"[1, 3]",Intermediário
2837,"[1, 3]",Especialista
2838,"[1, 3]",Avançado
2839,"[1, 3]",Iniciante
2840,"[1, 3]",Avançado
2841,"[1, 3]",Iniciante
2842,"[1, 3]",Especialista
2843,"[1, 3]",Intermediário
2844,"[1, 3]",Avançado
2845,"[1, 3]",Avançado
2846,"[1, 3]",Especialista
2847,"[1, 3]",Especialista
2848,"[1, 3]",Intermediário
2849,"[1, 3]",Avançado
2850,"[1, 3]",Intermediário
2851,"[1, 3]",Especialista
2852,"[1, 3]",Especialista
2853,"[1, 3]",Especialista
2854,"[1, 3]",Avançado
2855,"[1, 3]",Iniciante
2856,"[1, 3]",Avançado
2857,"[1, 3]",Intermediário
2858,"[1, 3]",Especialista
2859,"[1, 3]",Especialista
2860,"[1, 3]",Iniciante
2861,"[1, 3]",Intermediário
2862,"[1, 3]",Especialista
2863,"[1, 3]",Avançado
2864,"[1, 3]",Especialista
2865,"[1, 3]",Avançado
2866,"[1, 3]",Especialista
2867,"[1, 3]",Intermediário
2868,"[1, 3]",Intermediário
2869,"[1, 3]",Avançado
2870,"[1, 3]",Intermediário
2871,"[1, 3]",Intermediário
2872,"[1, 3]",Especialista
2873,"[1, 3]",Iniciante
2874,"[1, 3]",Avançado
2875,"[1, 3]",Avançado
2876,"[1, 3]",Avançado
2877,"[1, 3]",Avançado
2878,"[1, 3]",Iniciante
2879,"[1, 3]",Especialista
2880,"[1, 3]",Intermediário
2881,"[1, 3]",Intermediário
2882,"[1, 3]",Especialista
2883,"[1, 3]",Intermediário
2884,"[1, 3]",Intermediário
2885,"[1, 3]",Avançado
2886,"[1, 3]",Especialista
2887,"[1, 3]",Avançado
2888,"[1, 3]",Intermediário
2889,"[1, 3]",Especialista
2890,"[1, 3]",Avançado
2891,"[1, 3]",Avançado
2892,"[1, 3]",Especialista
2893,"[1, 3]",Intermediário
2894,"[1, 3]",Avançado
2895,"[1, 3]",Avançado
2896,"[1, 3]",Avançado
2897,"[1, 3]",Intermediário
2898,"[1, 3]",Especialista
2899,"[1, 3]",Intermediário
2900,"[1, 3]",Avançado
2901,"[1, 3]",Intermediário
2902,"[1, 3]",Intermediário
2903,"[1, 3]",Iniciante
2904,"[1, 3]",Intermediário
2905,"[1, 3]",Especialista
2906,"[1, 3]",Avançado
2907,"[1, 3]",Especialista
2908,"[1, 3]",Iniciante
2909,"[1, 3]",Especialista
2910,"[1, 3]",Avançado
2911,"[1, 3]",Especialista
2912,"[1, 3]",Especialista
2913,"[1, 3]",Intermediário
2914,"[1, 3]",Especialista
2915,"[1, 3]",Iniciante
2916,"[1, 3]",Intermediário
2917,"[1, 3]",Avançado
2918,"[1, 3]",Intermediário
2919,"[1, 3]",Avançado
2920,"[1, 3]",Especialista
2921,"[1, 3]",Intermediário
2922,"[1, 3]",Avançado
2923,"[1, 3]",Iniciante
2924,"[1, 3]",Especialista
2925,"[1, 3]",Iniciante
2926,"[1, 3]",Iniciante
2927,"[1, 3]",Avançado
2928,"[1, 3]",Intermediário
2929,"[1, 3]",Intermediário
2930,"[1, 3]",Iniciante
2931,"[1, 3]",Especialista
2932,"[1, 3]",Avançado
2933,"[1, 3]",Iniciante
2934,"[1, 3]",Avançado
2935,"[1, 3]",Avançado
2936,"[1, 3]",Especialista
2937,"[1, 3]",Especialista
2938,"[1, 3]",Avançado
2939,"[1, 3]",Especialista
2940,"[1, 3]",Intermediário
2941,"[1, 3]",Especialista
2942,"[1, 3]",Iniciante
2943,"[1, 3]",Avançado
2944,"[1, 3]",Intermediário
2945,"[1, 3]",Iniciante
2946,"[1, 3]",Iniciante
2947,"[1, 3]",Iniciante
2948,"[1, 3]",Intermediário
2949,"[1, 3]",Avançado
2950,"[1, 3]",Intermediário
2951,"[1, 3]",Intermediário
2952,"[1, 3]",Avançado
2953,"[1, 3]",Avançado
2954,"[1, 3]",Especialista
2955,"[1, 3]",Especialista
2956,"[1, 3]",Especialista
2957,"[1, 3]",Avançado
2958,"[1, 3]",Especialista
2959,"[1, 3]",Intermediário
2960,"[1, 3]",Avançado
2961,"[1, 3]",Avançado
2962,"[1, 3]",Intermediário
2963,"[1, 3]",Avançado
2964,"[1, 3]",Especialista
2965,"[1, 3]",Intermediário
2966,"[1, 3]",Especialista
2967,"[1, 3]",Intermediário
2968,"[1, 3]",Iniciante
2969,"[1, 3]",Especialista
2970,"[1, 3]",Avançado
2971,"[1, 3]",Iniciante
2972,"[1, 3]",Iniciante
2973,"[1, 3]",Avançado
2974,"[1, 3]",Avançado
2975,"[1, 3]",Especialista
2976,"[1, 3]",Iniciante
2977,"[1, 3]",Intermediário
2978,"[1, 3]",Intermediário
2979,"[1, 3]",Especialista
2980,"[1, 3]",Intermediário
2981,"[1, 3]",Iniciante
2982,"[1, 3]",Intermediário
2983,"[1, 3]",Intermediário
2984,"[1, 3]",Intermediário
2985,"[1, 3]",Iniciante
2986,"[1, 3]",Intermediário
2987,"[1, 3]",Intermediário
2988,"[1, 3]",Avançado
2989,"[1, 3]",Especialista
2990,"[1, 3]",Avançado
2991,"[1, 3]",Avançado
2992,"[1, 3]",Iniciante
2993,"[1, 3]",Avançado
2994,"[1, 3]",Iniciante
2995,"[1, 3]",Avançado
